flow_id,iat,packet_length,direction,dns_type
0,0.0,68,0,0
0,0.010355949401855469,84,1,1
1,0.0,86,0,0
1,0.011634111404418945,119,1,1
2,0.0,86,0,0
2,0.0035619735717773438,119,1,1
3,0.0,68,0,0
3,0.009886980056762695,96,1,1
4,0.0,132,0,0
4,0.012717962265014648,165,1,1
5,0.0,132,0,0
5,0.005615949630737305,165,1,1
6,0.0,132,0,0
6,0.006020069122314453,165,1,1
7,0.0,78,0,0
7,0.002171039581298828,94,1,1
8,0.0,78,0,0
8,0.02285599708557129,94,1,1
9,0.0,78,0,0
9,0.0073320865631103516,94,1,1
10,0.0,78,0,0
10,0.002061128616333008,94,1,1
11,0.0,78,0,0
11,0.008069038391113281,94,1,1
12,0.0,78,0,0
12,0.014364957809448242,94,1,1
13,0.0,78,0,0
13,0.013901948928833008,94,1,1
14,0.0,78,0,0
14,0.029829025268554688,94,1,1
15,0.0,78,0,0
15,0.030244112014770508,94,1,1
16,0.0,78,0,0
16,0.01486515998840332,94,1,1
17,0.0,78,0,0
17,0.014213085174560547,94,1,1
18,0.0,78,0,0
18,0.014725923538208008,94,1,1
19,0.0,78,0,0
19,0.030933141708374023,94,1,1
20,0.0,78,0,0
20,0.014301061630249023,94,1,1
21,0.0,78,0,0
21,0.026860952377319336,94,1,1
22,0.0,74,0,0
22,0.0035169124603271484,198,1,1
23,0.0,74,0,0
23,0.0034949779510498047,198,1,1
24,0.0,74,0,0
24,0.0037000179290771484,198,1,1
25,0.0,74,0,0
25,0.003152132034301758,198,1,1
26,0.0,74,0,0
26,0.0037240982055664062,198,1,1
27,0.0,74,0,0
27,0.0032591819763183594,198,1,1
28,0.0,74,0,0
28,0.003371000289916992,198,1,1
29,0.0,74,0,0
29,0.003275156021118164,198,1,1
30,0.0,74,0,0
30,0.0033588409423828125,198,1,1
31,0.0,74,0,0
31,0.0032989978790283203,198,1,1
32,0.0,75,0,0
32,0.0003228187561035156,199,1,1
33,0.0,75,0,0
33,0.00021195411682128906,125,1,1
34,0.0,121,0,0
34,0.0005009174346923828,71,1,1
35,0.0,82,0,0
35,0.003947019577026367,224,1,1
36,0.0,147,0,0
36,0.008192062377929688,1476,1,1
37,0.0,75,0,0
37,0.00034308433532714844,167,1,1
38,0.0,87,0,0
38,0.04489493370056152,147,1,1
39,0.0,75,0,0
39,0.04225301742553711,91,1,1
40,0.0,97,0,0
40,0.00030112266540527344,862,1,1
41,0.0,75,0,0
41,0.05066800117492676,91,1,1
42,0.0,97,0,0
42,0.0003600120544433594,862,1,1
43,0.0,75,0,0
43,0.04874110221862793,103,1,1
44,0.0,82,0,0
44,0.00026416778564453125,976,1,1
45,0.0,108,0,0
45,0.0034580230712890625,108,1,1
46,0.0,201,0,0
46,0.0006508827209472656,151,1,1
47,0.0,162,0,0
47,0.004661083221435547,304,1,1
48,0.0,227,0,0
48,0.00624394416809082,1488,1,1
49,0.0,82,0,0
49,0.0012631416320800781,152,1,1
50,0.0,82,0,0
50,0.0012519359588623047,152,1,1
51,0.0,82,0,0
51,0.001001119613647461,152,1,1
52,0.0,86,0,0
52,0.09372091293334961,228,1,1
53,0.0,85,0,0
53,0.010198831558227539,460,1,1
54,0.0,79,0,0
54,0.004639863967895508,503,1,1
55,0.0,93,0,0
55,0.0044100284576416016,813,1,1
56,0.0,86,0,0
56,0.02025294303894043,544,1,1
57,0.0,100,0,0
57,0.01915884017944336,753,1,1
58,0.0,86,0,0
58,0.009440898895263672,244,1,1
59,0.0,94,0,0
59,0.011341094970703125,467,1,1
60,0.0,94,0,0
60,0.011888980865478516,467,1,1
61,0.0,120,0,0
61,0.010309934616088867,913,1,1
62,0.0,120,0,0
62,0.011658906936645508,913,1,1
63,0.0,90,0,0
63,0.004548072814941406,223,1,1
64,0.0,91,0,0
64,0.16435623168945312,107,1,1
65,0.0,91,0,0
65,0.16878294944763184,119,1,1
66,0.0,91,0,0
66,0.17076802253723145,107,1,1
67,0.0,91,0,0
67,0.16458797454833984,119,1,1
68,0.0,91,0,0
68,0.17085886001586914,107,1,1
69,0.0,91,0,0
69,0.16521000862121582,119,1,1
70,0.0,91,0,0
70,0.17188811302185059,107,1,1
71,0.0,91,0,0
71,0.167496919631958,119,1,1
72,0.0,90,0,0
72,0.004583120346069336,125,1,1
73,0.0,103,0,0
73,0.0027260780334472656,240,1,1
74,0.0,91,0,0
74,0.09374380111694336,551,1,1
75,0.0,91,0,0
75,0.09287786483764648,551,1,1
76,0.0,91,0,0
76,0.09541702270507812,550,1,1
77,0.0,91,0,0
77,0.09423303604125977,550,1,1
78,0.0,103,0,0
78,0.003983974456787109,368,1,1
79,0.0,105,0,0
79,0.09412717819213867,860,1,1
80,0.0,105,0,0
80,0.09265494346618652,859,1,1
81,0.0,105,0,0
81,0.09534502029418945,859,1,1
82,0.0,105,0,0
82,0.09610700607299805,860,1,1
83,0.0,91,0,0
83,0.014390945434570312,389,1,1
84,0.0,91,0,0
84,0.012253999710083008,377,1,1
85,0.0,92,0,0
85,0.004606008529663086,378,1,1
86,0.0,92,0,0
86,0.010020017623901367,390,1,1
87,0.0,141,0,0
87,0.0024919509887695312,318,1,1
88,0.0,129,0,0
88,0.0026171207427978516,894,1,1
89,0.0,129,0,0
89,0.0020999908447265625,894,1,1
90,0.0,122,0,0
90,0.0021359920501708984,122,1,1
91,0.0,120,0,0
91,0.000579833984375,1798,1,1
92,0.0,82,0,0
92,0.02074885368347168,98,1,1
93,0.0,82,0,0
93,0.03840804100036621,110,1,1
94,0.0,82,0,0
94,0.01466512680053711,145,1,1
95,0.0,82,0,0
95,0.01691913604736328,98,1,1
96,0.0,82,0,0
96,0.040448904037475586,110,1,1
97,0.0,82,0,0
97,0.04290580749511719,98,1,1
98,0.0,82,0,0
98,0.030670166015625,110,1,1
99,0.0,82,0,0
99,0.059721946716308594,145,1,1
100,0.0,83,0,0
100,0.03679203987121582,99,1,1
101,0.0,83,0,0
101,0.024426937103271484,111,1,1
102,0.0,83,0,0
102,0.017959117889404297,146,1,1
103,0.0,83,0,0
103,0.010573863983154297,99,1,1
104,0.0,83,0,0
104,0.0804741382598877,111,1,1
105,0.0,83,0,0
105,0.03014993667602539,146,1,1
106,0.0,83,0,0
106,0.02648305892944336,99,1,1
107,0.0,83,0,0
107,0.030864953994750977,111,1,1
108,0.0,83,0,0
108,0.04234194755554199,146,1,1
109,0.0,91,0,0
109,0.0247650146484375,91,1,1
110,0.0,93,0,0
110,0.0756220817565918,331,1,1
111,0.0,93,0,0
111,0.15138602256774902,197,1,1
112,0.0,79,0,0
112,0.051100969314575195,335,1,1
113,0.0,79,0,0
113,0.024302005767822266,142,1,1
114,0.0,79,0,0
114,0.023127079010009766,142,1,1
115,0.0,82,0,0
115,0.01984405517578125,145,1,1
116,0.0,82,0,0
116,0.032824039459228516,530,1,1
117,0.0,82,0,0
117,0.04833817481994629,145,1,1
118,0.0,82,0,0
118,0.028898000717163086,338,1,1
119,0.0,82,0,0
119,0.04308605194091797,530,1,1
120,0.0,82,0,0
120,0.04595780372619629,145,1,1
121,0.0,79,0,0
121,0.023992061614990234,79,1,1
122,0.0,82,0,0
122,0.029513835906982422,145,1,1
123,0.0,82,0,0
123,0.06007504463195801,82,1,1
124,0.0,82,0,0
124,0.029614925384521484,145,1,1
125,0.0,87,0,0
125,0.027237892150878906,150,1,1
126,0.0,87,0,0
126,0.0338740348815918,87,1,1
127,0.0,101,0,0
127,0.07574105262756348,997,1,1
128,0.0,87,0,0
128,0.030746936798095703,150,1,1
129,0.0,82,0,0
129,0.4836711883544922,82,1,1
130,0.0,96,0,0
130,0.02529001235961914,608,1,1
131,0.0,96,0,0
131,0.07886409759521484,992,1,1
132,0.0,96,0,0
132,0.045996904373168945,159,1,1
133,0.0,87,0,0
133,0.028390169143676758,87,1,1
134,0.0,101,0,0
134,0.05563187599182129,613,1,1
135,0.0,101,0,0
135,0.06111621856689453,997,1,1
136,0.0,101,0,0
136,0.03954792022705078,164,1,1
137,0.0,79,0,0
137,0.07223081588745117,79,1,1
138,0.0,93,0,0
138,0.07100296020507812,1117,1,1
139,0.0,93,0,0
139,0.05563998222351074,156,1,1
140,0.0,93,0,0
140,0.0291140079498291,156,1,1
141,0.0,82,0,0
141,0.8324840068817139,145,1,1
142,0.0,82,0,0
142,0.20737791061401367,82,1,1
143,0.0,82,0,0
143,0.00251007080078125,145,1,1
144,0.0,82,0,0
144,0.06948518753051758,82,1,1
145,0.0,96,0,0
145,0.05161905288696289,159,1,1
146,0.0,84,0,0
146,0.03376197814941406,116,1,1
147,0.0,84,0,0
147,0.20835018157958984,140,1,1
148,0.0,84,0,0
148,0.8979029655456543,147,1,1
149,0.0,95,0,0
149,0.04601001739501953,151,1,1
150,0.0,95,0,0
150,0.09476113319396973,127,1,1
151,0.0,95,0,0
151,0.027519941329956055,371,1,1
152,0.0,95,0,0
152,0.11137199401855469,141,1,1
153,0.0,95,0,0
153,0.1929771900177002,95,1,1
154,0.0,95,0,0
154,0.04038095474243164,415,1,1
155,0.0,95,0,0
155,0.03349113464355469,136,1,1
156,0.0,95,0,0
156,0.050305843353271484,123,1,1
157,0.0,95,0,0
157,0.16713500022888184,153,1,1
158,0.0,95,0,0
158,0.045754194259643555,230,1,1
159,0.0,138,0,0
159,0.11257386207580566,154,1,1
160,0.0,138,0,0
160,0.03618907928466797,166,1,1
161,0.0,138,0,0
161,0.03846597671508789,201,1,1
162,0.0,317,0,0
162,0.09477019309997559,333,1,1
163,0.0,317,0,0
163,0.0682530403137207,345,1,1
164,0.0,80,0,0
164,0.521047830581665,96,1,1
165,0.0,80,0,0
165,0.021765947341918945,108,1,1
166,0.0,80,0,0
166,0.044126033782958984,143,1,1
167,0.0,85,0,0
167,0.02599787712097168,101,1,1
168,0.0,85,0,0
168,0.049809932708740234,113,1,1
169,0.0,85,0,0
169,0.06575489044189453,148,1,1
170,0.0,90,0,0
170,0.06738090515136719,106,1,1
171,0.0,90,0,0
171,0.06104278564453125,118,1,1
172,0.0,90,0,0
172,0.3341209888458252,153,1,1
173,0.0,95,0,0
173,0.07873296737670898,123,1,1
174,0.0,95,0,0
174,0.08352112770080566,158,1,1
175,0.0,100,0,0
175,0.7092721462249756,116,1,1
176,0.0,100,0,0
176,0.18460297584533691,128,1,1
177,0.0,100,0,0
177,0.09405803680419922,163,1,1
178,0.0,105,0,0
178,0.07972598075866699,121,1,1
179,0.0,105,0,0
179,0.049508094787597656,133,1,1
180,0.0,105,0,0
180,0.019690990447998047,168,1,1
181,0.0,110,0,0
181,0.09977102279663086,126,1,1
182,0.0,110,0,0
182,0.10329699516296387,138,1,1
183,0.0,110,0,0
183,0.007899999618530273,173,1,1
184,0.0,115,0,0
184,0.0606229305267334,131,1,1
185,0.0,115,0,0
185,0.18483495712280273,143,1,1
186,0.0,115,0,0
186,0.009638071060180664,178,1,1
187,0.0,102,0,0
187,0.046035051345825195,118,1,1
188,0.0,102,0,0
188,0.028789997100830078,130,1,1
189,0.0,102,0,0
189,0.04113507270812988,165,1,1
190,0.0,111,0,0
190,0.02585601806640625,127,1,1
191,0.0,111,0,0
191,0.10993599891662598,139,1,1
192,0.0,111,0,0
192,0.02684783935546875,174,1,1
193,0.0,87,0,0
193,0.00937795639038086,103,1,1
194,0.0,87,0,0
194,0.148881196975708,115,1,1
195,0.0,87,0,0
195,0.027317047119140625,150,1,1
196,0.0,87,0,0
196,0.026929855346679688,103,1,1
197,0.0,87,0,0
197,0.07089996337890625,115,1,1
198,0.0,87,0,0
198,0.06941103935241699,150,1,1
199,0.0,87,0,0
199,0.025748014450073242,103,1,1
200,0.0,87,0,0
200,0.03542804718017578,115,1,1
201,0.0,87,0,0
201,0.15943002700805664,150,1,1
202,0.0,90,0,0
202,0.06801199913024902,106,1,1
203,0.0,90,0,0
203,0.033083200454711914,118,1,1
204,0.0,90,0,0
204,0.09044694900512695,153,1,1
205,0.0,86,0,0
205,0.008661985397338867,102,1,1
206,0.0,86,0,0
206,0.04593300819396973,114,1,1
207,0.0,86,0,0
207,0.03566098213195801,149,1,1
208,0.0,89,0,0
208,0.022639036178588867,105,1,1
209,0.0,89,0,0
209,0.03364109992980957,117,1,1
210,0.0,89,0,0
210,0.9139769077301025,152,1,1
211,0.0,131,0,0
211,0.02564096450805664,147,1,1
212,0.0,131,0,0
212,0.04027295112609863,159,1,1
213,0.0,131,0,0
213,0.009742021560668945,194,1,1
214,0.0,133,0,0
214,0.051219940185546875,149,1,1
215,0.0,133,0,0
215,0.025326013565063477,161,1,1
216,0.0,133,0,0
216,0.02437591552734375,196,1,1
217,0.0,136,0,0
217,0.03345084190368652,152,1,1
218,0.0,136,0,0
218,0.032099008560180664,164,1,1
219,0.0,136,0,0
219,0.046878814697265625,199,1,1
220,0.0,96,0,0
220,0.02467203140258789,132,1,1
221,0.0,103,0,0
221,0.027926921844482422,144,1,1
222,0.0,101,0,0
222,0.012384891510009766,159,1,1
223,0.0,98,0,0
223,0.014107942581176758,132,1,1
224,0.0,86,0,0
224,0.01025390625,149,1,1
225,0.0,86,0,0
225,0.008905887603759766,122,1,1
226,0.0,86,0,0
226,0.015261173248291016,107,1,1
227,0.0,86,0,0
227,0.03194904327392578,193,1,1
228,0.0,86,0,0
228,0.02541208267211914,114,1,1
229,0.0,86,0,0
229,0.013815879821777344,510,1,1
230,0.0,86,0,0
230,0.012884140014648438,134,1,1
231,0.0,88,0,0
231,0.07936692237854004,275,1,1
232,0.0,88,0,0
232,0.12728309631347656,126,1,1
233,0.0,91,0,0
233,0.20448899269104004,1247,1,1
234,0.0,100,0,0
234,0.0771939754486084,147,1,1
235,0.0,155,0,0
235,0.07035994529724121,155,1,1
236,0.0,169,0,0
236,0.05876588821411133,1381,1,1
237,0.0,95,0,0
237,0.0041658878326416016,124,1,1
238,0.0,147,0,0
238,0.0044939517974853516,176,1,1
239,0.0,91,0,0
239,0.007161140441894531,154,1,1
240,0.0,75,0,0
240,0.0034601688385009766,91,1,1
241,0.0,75,0,0
241,0.0033979415893554688,103,1,1
242,0.0,91,0,0
242,0.013212919235229492,154,1,1
243,0.0,75,0,0
243,0.011976003646850586,91,1,1
244,0.0,75,0,0
244,0.0027379989624023438,103,1,1
245,0.0,86,0,0
245,0.0025839805603027344,309,1,1
246,0.0,74,0,0
246,0.003180980682373047,276,1,1
247,0.0,74,0,0
247,0.0031931400299072266,276,1,1
248,0.0,86,0,0
248,0.028840065002441406,158,1,1
249,0.0,86,0,0
249,0.02856588363647461,158,1,1
250,0.0,86,0,0
250,0.027297019958496094,149,1,1
251,0.0,86,0,0
251,0.027330875396728516,149,1,1
252,0.0,75,0,0
252,0.002928018569946289,91,1,1
253,0.0,75,0,0
253,0.002955198287963867,103,1,1
254,0.0,69,0,0
254,0.003337860107421875,85,1,1
255,0.0,69,0,0
255,0.003281116485595703,97,1,1
256,0.0,87,0,0
256,0.00592494010925293,148,1,1
257,0.0,74,0,0
257,0.0029609203338623047,90,1,1
258,0.0,74,0,0
258,0.0029921531677246094,102,1,1
259,0.0,85,0,0
259,0.0031290054321289062,116,1,1
260,0.0,87,0,0
260,0.008167028427124023,142,1,1
261,0.0,86,0,0
261,0.002708911895751953,124,1,1
262,0.0,85,0,0
262,0.0031468868255615234,127,1,1
263,0.0,85,0,0
263,0.002496957778930664,130,1,1
264,0.0,83,0,0
264,0.00267791748046875,133,1,1
265,0.0,83,0,0
265,0.0023720264434814453,136,1,1
266,0.0,84,0,0
266,0.18915677070617676,144,1,1
267,0.0,85,0,0
267,0.002588033676147461,134,1,1
268,0.0,85,0,0
268,0.002611875534057617,134,1,1
269,0.0,75,0,0
269,0.02256298065185547,147,1,1
270,0.0,75,0,0
270,0.019741058349609375,103,1,1
271,0.0,85,0,0
271,0.0027282238006591797,120,1,1
272,0.0,69,0,0
272,0.0025157928466796875,97,1,1
273,0.0,132,0,0
273,0.030016183853149414,164,1,1
274,0.0,74,0,0
274,0.10595703125,90,1,1
275,0.0,74,0,0
275,0.0027370452880859375,102,1,1
276,0.0,132,0,0
276,0.012224912643432617,171,1,1
277,0.0,132,0,0
277,0.04359292984008789,189,1,1
278,0.0,132,0,0
278,0.03050994873046875,172,1,1
279,0.0,132,0,0
279,0.017874956130981445,173,1,1
280,0.0,132,0,0
280,0.0031690597534179688,169,1,1
281,0.0,132,0,0
281,0.02877497673034668,172,1,1
282,0.0,132,0,0
282,0.02727508544921875,173,1,1
283,0.0,132,0,0
283,0.017770051956176758,173,1,1
284,0.0,132,0,0
284,0.003381013870239258,195,1,1
285,0.0,132,0,0
285,0.003320932388305664,169,1,1
286,0.0,132,0,0
286,0.003255128860473633,169,1,1
287,0.0,132,0,0
287,0.0031671524047851562,169,1,1
288,0.0,132,0,0
288,0.003159046173095703,169,1,1
289,0.0,132,0,0
289,0.003225088119506836,170,1,1
290,0.0,132,0,0
290,0.003331899642944336,186,1,1
291,0.0,132,0,0
291,0.19033002853393555,192,1,1
292,0.0,132,0,0
292,0.19700288772583008,181,1,1
293,0.0,132,0,0
293,0.0032188892364501953,181,1,1
294,0.0,132,0,0
294,0.19058489799499512,192,1,1
295,0.0,75,0,0
295,0.02154397964477539,147,1,1
296,0.0,75,0,0
296,0.04300189018249512,103,1,1
297,0.0,74,0,0
297,0.0026628971099853516,90,1,1
298,0.0,74,0,0
298,0.0026721954345703125,102,1,1
299,0.0,74,0,0
299,0.002920866012573242,90,1,1
300,0.0,74,0,0
300,0.0029289722442626953,102,1,1
301,0.0,74,0,0
301,0.002794027328491211,90,1,1
302,0.0,74,0,0
302,0.0026459693908691406,102,1,1
303,0.0,74,0,0
303,0.0026140213012695312,90,1,1
304,0.0,74,0,0
304,0.01055002212524414,118,1,1
305,0.0,82,0,0
305,0.002953052520751953,114,1,1
306,0.0,82,0,0
306,0.002964019775390625,138,1,1
307,0.0,82,0,0
307,0.007071971893310547,114,1,1
308,0.0,82,0,0
308,0.00302886962890625,138,1,1
309,0.0,74,0,0
309,0.002682924270629883,90,1,1
310,0.0,74,0,0
310,0.002691984176635742,102,1,1
311,0.0,74,0,0
311,0.0028409957885742188,90,1,1
312,0.0,74,0,0
312,0.0028579235076904297,102,1,1
313,0.0,75,0,0
313,0.0028259754180908203,91,1,1
314,0.0,75,0,0
314,0.0032579898834228516,103,1,1
315,0.0,74,0,0
315,0.002457141876220703,90,1,1
316,0.0,74,0,0
316,0.0027589797973632812,102,1,1
317,0.0,74,0,0
317,0.002902984619140625,90,1,1
318,0.0,74,0,0
318,0.002911090850830078,102,1,1
319,0.0,74,0,0
319,0.00273895263671875,90,1,1
320,0.0,74,0,0
320,0.0029871463775634766,102,1,1
321,0.0,98,0,0
321,0.003400087356567383,169,1,1
322,0.0,80,0,0
322,0.0033049583435058594,132,1,1
323,0.0,80,0,0
323,0.003267049789428711,151,1,1
324,0.0,90,0,0
324,0.06445670127868652,106,1,1
325,0.0,93,0,0
325,0.01102304458618164,157,1,1
326,0.0,93,0,0
326,0.011381387710571289,148,1,1
327,0.0,93,0,0
327,0.009765625,157,1,1
328,0.0,93,0,0
328,0.008695602416992188,148,1,1
329,0.0,94,0,0
329,0.04762148857116699,166,1,1
330,0.0,82,0,0
330,0.004606008529663086,157,1,1
331,0.0,94,0,0
331,0.03111100196838379,166,1,1
332,0.0,82,0,0
332,0.004236936569213867,157,1,1
333,0.0,94,0,0
333,0.015437126159667969,166,1,1
334,0.0,82,0,0
334,0.007300853729248047,157,1,1
335,0.0,105,0,0
335,0.07719802856445312,177,1,1
336,0.0,94,0,0
336,0.0413053035736084,166,1,1
337,0.0,82,0,0
337,0.015492916107177734,157,1,1
338,0.0,105,0,0
338,0.0051021575927734375,177,1,1
339,0.0,105,0,0
339,0.051689863204956055,177,1,1
340,0.0,93,0,0
340,0.005501270294189453,157,1,1
341,0.0,93,0,0
341,0.004178285598754883,148,1,1
342,0.0,93,0,0
342,0.00789499282836914,157,1,1
343,0.0,93,0,0
343,0.08354520797729492,148,1,1
344,0.0,93,0,0
344,0.004584550857543945,157,1,1
345,0.0,93,0,0
345,0.003915071487426758,148,1,1
346,0.0,83,0,0
346,0.005147457122802734,99,1,1
347,0.0,83,0,0
347,0.005961179733276367,111,1,1
348,0.0,144,0,0
348,0.03334450721740723,171,1,1
349,0.0,144,0,0
349,0.004812717437744141,171,1,1
350,0.0,83,0,0
350,0.01991105079650879,99,1,1
351,0.0,97,0,0
351,0.01429128646850586,138,1,1
352,0.0,93,0,0
352,0.005957841873168945,157,1,1
353,0.0,93,0,0
353,0.006287574768066406,148,1,1
354,0.0,93,0,0
354,0.012275457382202148,157,1,1
355,0.0,93,0,0
355,0.012520790100097656,148,1,1
356,0.0,93,0,0
356,0.005448102951049805,157,1,1
357,0.0,93,0,0
357,0.005742788314819336,205,1,1
358,0.0,93,0,0
358,0.005302906036376953,157,1,1
359,0.0,93,0,0
359,0.0055484771728515625,148,1,1
360,0.0,94,0,0
360,0.032451629638671875,166,1,1
361,0.0,82,0,0
361,0.00801396369934082,157,1,1
362,0.0,93,0,0
362,0.00513768196105957,157,1,1
363,0.0,93,0,0
363,0.01369786262512207,148,1,1
364,0.0,93,0,0
364,0.004626035690307617,157,1,1
365,0.0,93,0,0
365,0.0050089359283447266,148,1,1
366,0.0,94,0,0
366,0.07029986381530762,166,1,1
367,0.0,82,0,0
367,0.009222269058227539,157,1,1
368,0.0,94,0,0
368,0.020009994506835938,166,1,1
369,0.0,82,0,0
369,0.0050220489501953125,157,1,1
370,0.0,94,0,0
370,0.05266547203063965,166,1,1
371,0.0,82,0,0
371,0.010963201522827148,157,1,1
372,0.0,83,0,0
372,0.005391836166381836,99,1,1
373,0.0,83,0,0
373,0.0055925846099853516,111,1,1
374,0.0,144,0,0
374,0.3512303829193115,171,1,1
375,0.0,144,0,0
375,0.028239965438842773,171,1,1
376,0.0,83,0,0
376,0.0054247379302978516,99,1,1
377,0.0,97,0,0
377,0.03740048408508301,138,1,1
378,0.0,74,0,0
378,0.016507863998413086,139,1,1
379,0.0,75,0,0
379,0.09573507308959961,158,1,1
380,0.0,68,0,0
380,0.011286020278930664,118,1,1
381,0.0,71,0,0
381,0.01247406005859375,195,1,1
382,0.0,89,0,0
382,0.00908803939819336,170,1,1
383,0.0,75,0,0
383,0.0025339126586914062,91,1,1
384,0.0,89,0,0
384,0.006669044494628906,157,1,1
385,0.0,89,0,0
385,0.006370067596435547,157,1,1
386,0.0,72,0,0
386,0.0016949176788330078,88,1,1
387,0.0,80,0,0
387,0.06455588340759277,150,1,1
388,0.0,84,0,0
388,0.0018379688262939453,100,1,1
389,0.0,92,0,0
389,0.07971811294555664,162,1,1
390,0.0,75,0,0
390,0.06497597694396973,124,1,1
391,0.0,73,0,0
391,0.09131503105163574,163,1,1
392,0.0,86,0,0
392,0.0012581348419189453,151,1,1
393,0.0,106,0,0
393,0.3114330768585205,122,1,1
394,0.0,71,0,0
394,0.02508401870727539,87,1,1
395,0.0,71,0,0
395,0.03561115264892578,99,1,1
396,0.0,84,0,0
396,0.025938987731933594,84,1,1
397,0.0,85,0,0
397,0.021425962448120117,143,1,1
398,0.0,86,0,0
398,0.02877187728881836,144,1,1
399,0.0,87,0,0
399,0.3265819549560547,145,1,1
400,0.0,87,0,0
400,0.030904054641723633,131,1,1
401,0.0,85,0,0
401,0.017689943313598633,131,1,1
402,0.0,86,0,0
402,0.02264094352722168,142,1,1
403,0.0,85,0,0
403,0.19130992889404297,132,1,1
404,0.0,85,0,0
404,0.1955108642578125,131,1,1
405,0.0,87,0,0
405,0.04153895378112793,144,1,1
406,0.0,85,0,0
406,0.1733860969543457,126,1,1
407,0.0,71,0,0
407,0.029658079147338867,99,1,1
408,0.0,132,0,0
408,0.43949294090270996,164,1,1
409,0.0,132,0,0
409,0.539592981338501,171,1,1
410,0.0,132,0,0
410,0.3745291233062744,189,1,1
411,0.0,132,0,0
411,0.7186448574066162,188,1,1
412,0.0,132,0,0
412,0.42559814453125,179,1,1
413,0.0,132,0,0
413,0.089691162109375,174,1,1
414,0.0,73,0,0
414,0.038175106048583984,89,1,1
415,0.0,73,0,0
415,0.038475990295410156,101,1,1
416,0.0,87,0,0
416,0.013223886489868164,164,1,1
417,0.0,87,0,0
417,0.0003590583801269531,128,1,1
418,0.0,86,0,0
418,0.0003170967102050781,146,1,1
419,0.0,90,0,0
419,0.0002989768981933594,140,1,1
420,0.0,90,0,0
420,0.0002989768981933594,140,1,1
421,0.0,90,0,0
421,0.00034999847412109375,140,1,1
422,0.0,90,0,0
422,0.00031685829162597656,138,1,1
423,0.0,90,0,0
423,0.0003440380096435547,140,1,1
424,0.0,90,0,0
424,0.000331878662109375,142,1,1
425,0.0,88,0,0
425,0.031239986419677734,144,1,1
426,0.0,87,0,0
426,0.027855873107910156,134,1,1
427,0.0,87,0,0
427,0.027797937393188477,133,1,1
428,0.0,89,0,0
428,0.016882896423339844,146,1,1
429,0.0,87,0,0
429,0.03513908386230469,128,1,1
430,0.0,73,0,0
430,0.0002560615539550781,101,1,1
431,0.0,134,0,0
431,0.016100168228149414,175,1,1
432,0.0,134,0,0
432,0.0190279483795166,194,1,1
433,0.0,134,0,0
433,0.00038909912109375,194,1,1
434,0.0,134,0,0
434,0.00036597251892089844,184,1,1
435,0.0,134,0,0
435,0.0004000663757324219,184,1,1
436,0.0,134,0,0
436,0.02157902717590332,182,1,1
437,0.0,134,0,0
437,0.021973848342895508,181,1,1
438,0.0,134,0,0
438,0.021522045135498047,182,1,1
439,0.0,134,0,0
439,0.03138303756713867,190,1,1
440,0.0,134,0,0
440,0.05242800712585449,181,1,1
441,0.0,134,0,0
441,0.03216886520385742,180,1,1
442,0.0,134,0,0
442,0.023452043533325195,176,1,1
443,0.0,81,0,0
443,0.023580074310302734,97,1,1
444,0.0,81,0,0
444,0.023669004440307617,109,1,1
445,0.0,81,0,0
445,0.00024700164794921875,97,1,1
446,0.0,81,0,0
446,0.0002460479736328125,97,1,1
447,0.0,81,0,0
447,0.0002319812774658203,109,1,1
448,0.0,81,0,0
448,0.0003170967102050781,97,1,1
449,0.0,81,0,0
449,0.00025081634521484375,97,1,1
450,0.0,81,0,0
450,0.0002739429473876953,109,1,1
451,0.0,81,0,0
451,0.0002739429473876953,97,1,1
452,0.0,81,0,0
452,0.00028204917907714844,97,1,1
453,0.0,81,0,0
453,0.0002739429473876953,109,1,1
454,0.0,81,0,0
454,0.00026702880859375,97,1,1
455,0.0,81,0,0
455,0.0002779960632324219,97,1,1
456,0.0,81,0,0
456,0.0002608299255371094,109,1,1
457,0.0,81,0,0
457,0.000576019287109375,97,1,1
458,0.0,78,0,0
458,0.07480621337890625,150,1,1
459,0.0,78,0,0
459,0.0002880096435546875,106,1,1
460,0.0,88,0,0
460,0.0002930164337158203,104,1,1
461,0.0,88,0,0
461,0.048677921295166016,160,1,1
462,0.0,78,0,0
462,0.00026702880859375,150,1,1
463,0.0,78,0,0
463,0.0002269744873046875,106,1,1
464,0.0,88,0,0
464,0.00023102760314941406,104,1,1
465,0.0,88,0,0
465,0.0002288818359375,160,1,1
466,0.0,81,0,0
466,0.0002620220184326172,97,1,1
467,0.0,81,0,0
467,0.0002529621124267578,109,1,1
468,0.0,81,0,0
468,0.0003120899200439453,97,1,1
469,0.0,81,0,0
469,0.0002961158752441406,97,1,1
470,0.0,81,0,0
470,0.0002899169921875,109,1,1
471,0.0,81,0,0
471,0.0002779960632324219,97,1,1
472,0.0,78,0,0
472,0.0002689361572265625,150,1,1
473,0.0,78,0,0
473,0.0002899169921875,106,1,1
474,0.0,88,0,0
474,0.00026416778564453125,104,1,1
475,0.0,88,0,0
475,0.00025200843811035156,160,1,1
476,0.0,78,0,0
476,0.002174854278564453,150,1,1
477,0.0,78,0,0
477,0.00028014183044433594,106,1,1
478,0.0,88,0,0
478,0.00030493736267089844,104,1,1
479,0.0,88,0,0
479,0.0011670589447021484,160,1,1
480,0.0,153,0,0
480,0.0026450157165527344,153,1,1
481,0.0,161,0,0
481,0.0016429424285888672,161,1,1
482,0.0,165,0,0
482,0.002537965774536133,165,1,1
483,0.0,167,0,0
483,0.0007760524749755859,167,1,1
484,0.0,280,0,0
484,0.0008029937744140625,280,1,1
485,0.0,280,0,0
485,0.0013298988342285156,280,1,1
486,0.0,282,0,0
486,0.3633689880371094,282,1,1
487,0.0,80,0,0
487,0.012977123260498047,175,1,1
488,0.0,80,0,0
488,0.006986856460571289,96,1,1
489,0.0,78,0,0
489,0.02808213233947754,363,1,1
490,0.0,78,0,0
490,0.056887149810791016,235,1,1
491,0.0,87,0,0
491,0.020473003387451172,255,1,1
492,0.0,87,0,0
492,0.024646997451782227,279,1,1
493,0.0,81,0,0
493,0.022182941436767578,186,1,1
494,0.0,81,0,0
494,0.011250019073486328,198,1,1
495,0.0,93,0,0
495,0.039292097091674805,233,1,1
496,0.0,93,0,0
496,0.04512500762939453,217,1,1
497,0.0,95,0,0
497,0.0414731502532959,226,1,1
498,0.0,95,0,0
498,0.028772830963134766,210,1,1
499,0.0,87,0,0
499,0.0004990100860595703,164,1,1
500,0.0,87,0,0
500,0.0003809928894042969,164,1,1
501,0.0,93,0,0
501,0.0005688667297363281,233,1,1
502,0.0,93,0,0
502,0.0003609657287597656,278,1,1
503,0.0,79,0,0
503,0.012890815734863281,169,1,1
504,0.0,79,0,0
504,0.014142036437988281,209,1,1
505,0.0,98,0,0
505,0.014294862747192383,204,1,1
506,0.0,98,0,0
506,0.0004131793975830078,246,1,1
507,0.0,90,0,0
507,0.021464109420776367,178,1,1
508,0.0,90,0,0
508,0.027786970138549805,190,1,1
509,0.0,98,0,0
509,0.006781101226806641,114,1,1
510,0.0,98,0,0
510,0.015141963958740234,126,1,1
511,0.0,78,0,0
511,0.0004107952117919922,293,1,1
512,0.0,90,0,0
512,0.01621389389038086,176,1,1
513,0.0,90,0,0
513,0.01999211311340332,200,1,1
514,0.0,75,0,0
514,0.0003590583801269531,150,1,1
515,0.0,75,0,0
515,0.00037384033203125,191,1,1
516,0.0,93,0,0
516,0.016649961471557617,233,1,1
517,0.0,93,0,0
517,0.00041604042053222656,278,1,1
518,0.0,82,0,0
518,0.023487091064453125,205,1,1
519,0.0,82,0,0
519,0.04836106300354004,189,1,1
520,0.0,95,0,0
520,0.0006349086761474609,283,1,1
521,0.0,90,0,0
521,0.01400303840637207,311,1,1
522,0.0,90,0,0
522,0.018544912338256836,323,1,1
523,0.0,76,0,0
523,0.016140222549438477,341,1,1
524,0.0,76,0,0
524,0.020339012145996094,337,1,1
525,0.0,74,0,0
525,0.016262054443359375,334,1,1
526,0.0,74,0,0
526,0.020834922790527344,330,1,1
527,0.0,75,0,0
527,0.016119956970214844,336,1,1
528,0.0,75,0,0
528,0.019746065139770508,332,1,1
529,0.0,78,0,0
529,0.0004818439483642578,293,1,1
530,0.0,93,0,0
530,0.018522977828979492,233,1,1
531,0.0,93,0,0
531,0.03172111511230469,217,1,1
532,0.0,95,0,0
532,0.007990121841430664,226,1,1
533,0.0,95,0,0
533,0.0006399154663085938,283,1,1
534,0.0,95,0,0
534,0.0005941390991210938,226,1,1
535,0.0,87,0,0
535,0.0004889965057373047,164,1,1
536,0.0,87,0,0
536,0.0004608631134033203,164,1,1
537,0.0,95,0,0
537,0.00853419303894043,183,1,1
538,0.0,95,0,0
538,0.00945901870727539,195,1,1
539,0.0,95,0,0
539,0.009874105453491211,226,1,1
540,0.0,93,0,0
540,0.0006289482116699219,278,1,1
541,0.0,95,0,0
541,0.0005769729614257812,283,1,1
542,0.0,75,0,0
542,0.0006000995635986328,191,1,1
543,0.0,90,0,0
543,0.012359142303466797,214,1,1
544,0.0,90,0,0
544,0.013456106185913086,198,1,1
545,0.0,85,0,0
545,0.01982402801513672,170,1,1
546,0.0,85,0,0
546,0.020217180252075195,201,1,1
547,0.0,78,0,0
547,0.07720279693603516,232,1,1
548,0.0,78,0,0
548,0.07490205764770508,210,1,1
549,0.0,87,0,0
549,0.0005018711090087891,164,1,1
550,0.0,87,0,0
550,0.0003559589385986328,164,1,1
551,0.0,87,0,0
551,0.0003390312194824219,164,1,1
552,0.0,85,0,0
552,0.05646705627441406,257,1,1
553,0.0,85,0,0
553,0.017507076263427734,245,1,1
554,0.0,85,0,0
554,0.0342860221862793,229,1,1
555,0.0,82,0,0
555,0.06682801246643066,209,1,1
556,0.0,82,0,0
556,0.04415488243103027,185,1,1
557,0.0,82,0,0
557,0.044055938720703125,139,1,1
558,0.0,76,0,0
558,0.09551000595092773,337,1,1
559,0.0,76,0,0
559,0.03951907157897949,341,1,1
560,0.0,76,0,0
560,0.0003490447998046875,258,1,1
561,0.0,95,0,0
561,0.0005519390106201172,183,1,1
562,0.0,93,0,0
562,0.005249977111816406,233,1,1
563,0.0,93,0,0
563,0.0004661083221435547,278,1,1
564,0.0,74,0,0
564,0.019078969955444336,90,1,1
565,0.0,74,0,0
565,0.022404193878173828,102,1,1
566,0.0,90,0,0
566,0.00047397613525390625,178,1,1
567,0.0,82,0,0
567,0.0005998611450195312,209,1,1
568,0.0,82,0,0
568,0.00039005279541015625,185,1,1
569,0.0,82,0,0
569,0.010195016860961914,153,1,1
570,0.0,95,0,0
570,0.023291826248168945,229,1,1
571,0.0,95,0,0
571,0.012140989303588867,213,1,1
572,0.0,95,0,0
572,0.0026738643646240234,213,1,1
573,0.0,87,0,0
573,0.0006799697875976562,164,1,1
574,0.0,87,0,0
574,0.0005350112915039062,164,1,1
575,0.0,96,0,0
575,0.06980705261230469,183,1,1
576,0.0,96,0,0
576,0.017709016799926758,167,1,1
577,0.0,98,0,0
577,0.01175999641418457,208,1,1
578,0.0,98,0,0
578,0.00876617431640625,192,1,1
579,0.0,93,0,0
579,0.01982593536376953,233,1,1
580,0.0,93,0,0
580,0.6052649021148682,217,1,1
581,0.0,98,0,0
581,0.0005180835723876953,208,1,1
582,0.0,98,0,0
582,0.00039505958557128906,250,1,1
583,0.0,93,0,0
583,0.025743961334228516,267,1,1
584,0.0,93,0,0
584,0.03991508483886719,291,1,1
585,0.0,93,0,0
585,0.0005080699920654297,267,1,1
586,0.0,93,0,0
586,0.00045490264892578125,291,1,1
587,0.0,90,0,0
587,0.027762889862060547,176,1,1
588,0.0,90,0,0
588,0.01379704475402832,200,1,1
589,0.0,93,0,0
589,0.0006339550018310547,278,1,1
590,0.0,98,0,0
590,0.0006411075592041016,250,1,1
591,0.0,100,0,0
591,0.0004260540008544922,212,1,1
592,0.0,100,0,0
592,0.00040602684020996094,254,1,1
593,0.0,93,0,0
593,0.010902166366577148,233,1,1
594,0.0,93,0,0
594,0.0004730224609375,278,1,1
595,0.0,90,0,0
595,0.0005619525909423828,311,1,1
596,0.0,90,0,0
596,0.0003838539123535156,323,1,1
597,0.0,77,0,0
597,0.0059130191802978516,93,1,1
598,0.0,77,0,0
598,0.010274171829223633,105,1,1
599,0.0,93,0,0
599,0.008156061172485352,233,1,1
600,0.0,93,0,0
600,0.0005910396575927734,267,1,1
601,0.0,93,0,0
601,0.00043201446533203125,291,1,1
602,0.0,101,0,0
602,0.011108160018920898,117,1,1
603,0.0,101,0,0
603,0.011512994766235352,174,1,1
604,0.0,87,0,0
604,0.0005609989166259766,164,1,1
605,0.0,87,0,0
605,0.0004189014434814453,164,1,1
606,0.0,80,0,0
606,0.017493009567260742,175,1,1
607,0.0,80,0,0
607,0.023854970932006836,299,1,1
608,0.0,85,0,0
608,0.019914865493774414,194,1,1
609,0.0,85,0,0
609,0.013520956039428711,290,1,1
610,0.0,82,0,0
610,0.008744955062866211,172,1,1
611,0.0,82,0,0
611,0.01312708854675293,156,1,1
612,0.0,76,0,0
612,0.023068904876708984,341,1,1
613,0.0,76,0,0
613,0.01826620101928711,337,1,1
614,0.0,78,0,0
614,0.007084846496582031,235,1,1
615,0.0,93,0,0
615,0.0006721019744873047,278,1,1
616,0.0,90,0,0
616,0.010673999786376953,287,1,1
617,0.0,90,0,0
617,0.0210721492767334,271,1,1
618,0.0,95,0,0
618,0.010101079940795898,229,1,1
619,0.0,95,0,0
619,0.009093999862670898,213,1,1
620,0.0,95,0,0
620,0.005612850189208984,213,1,1
621,0.0,104,0,0
621,0.013603925704956055,157,1,1
622,0.0,104,0,0
622,0.01669907569885254,141,1,1
623,0.0,93,0,0
623,0.0006060600280761719,233,1,1
624,0.0,104,0,0
624,0.0004420280456542969,199,1,1
625,0.0,95,0,0
625,0.003844022750854492,213,1,1
626,0.0,93,0,0
626,0.011765003204345703,233,1,1
627,0.0,93,0,0
627,0.0004200935363769531,278,1,1
628,0.0,95,0,0
628,0.006592988967895508,213,1,1
629,0.0,98,0,0
629,0.010648965835571289,208,1,1
630,0.0,98,0,0
630,0.00045990943908691406,250,1,1
631,0.0,90,0,0
631,0.012424945831298828,261,1,1
632,0.0,90,0,0
632,0.020640850067138672,285,1,1
633,0.0,95,0,0
633,0.0005350112915039062,229,1,1
634,0.0,95,0,0
634,0.004261970520019531,213,1,1
635,0.0,98,0,0
635,0.05779600143432617,363,1,1
636,0.0,98,0,0
636,0.06502103805541992,351,1,1
637,0.0,98,0,0
637,0.07908296585083008,335,1,1
638,0.0,100,0,0
638,0.0005238056182861328,212,1,1
639,0.0,100,0,0
639,0.0005130767822265625,254,1,1
640,0.0,98,0,0
640,0.0006411075592041016,250,1,1
641,0.0,104,0,0
641,0.0006132125854492188,199,1,1
642,0.0,96,0,0
642,0.03684687614440918,265,1,1
643,0.0,96,0,0
643,0.059845924377441406,277,1,1
644,0.0,95,0,0
644,0.026432037353515625,168,1,1
645,0.0,95,0,0
645,0.032456159591674805,192,1,1
646,0.0,95,0,0
646,0.0004749298095703125,168,1,1
647,0.0,95,0,0
647,0.000659942626953125,192,1,1
648,0.0,95,0,0
648,0.00047206878662109375,168,1,1
649,0.0,95,0,0
649,0.0004200935363769531,192,1,1
650,0.0,95,0,0
650,0.02097487449645996,216,1,1
651,0.0,95,0,0
651,0.030910968780517578,240,1,1
652,0.0,101,0,0
652,0.01997208595275879,174,1,1
653,0.0,101,0,0
653,0.013921976089477539,117,1,1
654,0.0,101,0,0
654,0.017056941986083984,174,1,1
655,0.0,93,0,0
655,0.01053619384765625,233,1,1
656,0.0,93,0,0
656,0.0005018711090087891,278,1,1
657,0.0,92,0,0
657,0.020292043685913086,176,1,1
658,0.0,92,0,0
658,0.028393983840942383,188,1,1
659,0.0,98,0,0
659,0.010864973068237305,208,1,1
660,0.0,101,0,0
660,0.04540586471557617,300,1,1
661,0.0,105,0,0
661,0.028424978256225586,323,1,1
662,0.0,105,0,0
662,0.032981157302856445,335,1,1
663,0.0,85,0,0
663,0.026412010192871094,245,1,1
664,0.0,85,0,0
664,0.041355133056640625,257,1,1
665,0.0,93,0,0
665,0.0004899501800537109,233,1,1
666,0.0,93,0,0
666,0.0004107952117919922,278,1,1
667,0.0,99,0,0
667,0.01137399673461914,210,1,1
668,0.0,99,0,0
668,0.011957883834838867,194,1,1
669,0.0,98,0,0
669,0.0006968975067138672,250,1,1
670,0.0,100,0,0
670,0.0005562305450439453,212,1,1
671,0.0,100,0,0
671,0.00044798851013183594,254,1,1
672,0.0,95,0,0
672,0.009896039962768555,216,1,1
673,0.0,95,0,0
673,0.0005230903625488281,240,1,1
674,0.0,93,0,0
674,0.00916600227355957,233,1,1
675,0.0,98,0,0
675,0.00061798095703125,208,1,1
676,0.0,92,0,0
676,0.02023005485534668,239,1,1
677,0.0,92,0,0
677,0.05253291130065918,251,1,1
678,0.0,98,0,0
678,0.00046896934509277344,208,1,1
679,0.0,101,0,0
679,0.015434026718139648,117,1,1
680,0.0,101,0,0
680,0.05082511901855469,174,1,1
681,0.0,98,0,0
681,0.008677959442138672,208,1,1
682,0.0,98,0,0
682,0.0004150867462158203,250,1,1
683,0.0,87,0,0
683,0.0004379749298095703,164,1,1
684,0.0,87,0,0
684,0.000576019287109375,164,1,1
685,0.0,98,0,0
685,0.0006392002105712891,229,1,1
686,0.0,98,0,0
686,0.010725975036621094,253,1,1
687,0.0,98,0,0
687,0.00043702125549316406,229,1,1
688,0.0,98,0,0
688,0.00041794776916503906,253,1,1
689,0.0,98,0,0
689,0.0515592098236084,365,1,1
690,0.0,98,0,0
690,0.028976917266845703,477,1,1
691,0.0,98,0,0
691,0.00034809112548828125,365,1,1
692,0.0,98,0,0
692,0.0006170272827148438,477,1,1
693,0.0,92,0,0
693,0.06835699081420898,414,1,1
694,0.0,92,0,0
694,0.06328606605529785,402,1,1
695,0.0,92,0,0
695,0.056858062744140625,446,1,1
696,0.0,87,0,0
696,0.00030303001403808594,164,1,1
697,0.0,87,0,0
697,0.0004410743713378906,164,1,1
698,0.0,96,0,0
698,0.02848505973815918,359,1,1
699,0.0,96,0,0
699,0.07293701171875,347,1,1
700,0.0,96,0,0
700,0.08258485794067383,391,1,1
701,0.0,95,0,0
701,0.006623983383178711,111,1,1
702,0.0,95,0,0
702,0.011654853820800781,123,1,1
703,0.0,95,0,0
703,0.0047359466552734375,111,1,1
704,0.0,95,0,0
704,0.006943941116333008,123,1,1
705,0.0,95,0,0
705,0.10202598571777344,229,1,1
706,0.0,95,0,0
706,0.029686927795410156,213,1,1
707,0.0,93,0,0
707,0.008764028549194336,230,1,1
708,0.0,93,0,0
708,0.018272876739501953,214,1,1
709,0.0,95,0,0
709,0.0005290508270263672,274,1,1
710,0.0,104,0,0
710,0.015813827514648438,141,1,1
711,0.0,104,0,0
711,0.0007369518280029297,199,1,1
712,0.0,93,0,0
712,0.0006160736083984375,274,1,1
713,0.0,80,0,0
713,0.018965959548950195,288,1,1
714,0.0,80,0,0
714,0.03284907341003418,272,1,1
715,0.0,80,0,0
715,0.0004620552062988281,330,1,1
716,0.0,98,0,0
716,0.0108489990234375,208,1,1
717,0.0,98,0,0
717,0.000431060791015625,250,1,1
718,0.0,92,0,0
718,0.012845039367675781,239,1,1
719,0.0,98,0,0
719,0.006114006042480469,253,1,1
720,0.0,98,0,0
720,0.00041103363037109375,229,1,1
721,0.0,98,0,0
721,0.0004608631134033203,253,1,1
722,0.0,98,0,0
722,0.04236412048339844,394,1,1
723,0.0,98,0,0
723,0.02162003517150879,390,1,1
724,0.0,98,0,0
724,0.009746789932250977,209,1,1
725,0.0,98,0,0
725,0.016319990158081055,221,1,1
726,0.0,95,0,0
726,0.01038503646850586,229,1,1
727,0.0,95,0,0
727,0.0004978179931640625,274,1,1
728,0.0,87,0,0
728,0.0005981922149658203,255,1,1
728,0.01795196533203125,255,1,1
729,0.0,87,0,0
729,0.00038695335388183594,279,1,1
729,0.017826080322265625,279,1,1
730,0.0,95,0,0
730,0.015278100967407227,111,1,1
731,0.0,95,0,0
731,0.017431974411010742,123,1,1
732,0.0,99,0,0
732,0.006088972091674805,210,1,1
733,0.0,99,0,0
733,0.0005850791931152344,252,1,1
734,0.0,98,0,0
734,0.0006079673767089844,250,1,1
735,0.0,95,0,0
735,0.01075887680053711,229,1,1
736,0.0,95,0,0
736,0.0004420280456542969,274,1,1
737,0.0,85,0,0
737,0.012296915054321289,245,1,1
738,0.0,85,0,0
738,0.016190052032470703,257,1,1
739,0.0,85,0,0
739,0.00032711029052734375,245,1,1
740,0.0,77,0,0
740,0.003548860549926758,93,1,1
741,0.0,77,0,0
741,0.00545191764831543,105,1,1
742,0.0,98,0,0
742,0.008966922760009766,208,1,1
743,0.0,98,0,0
743,0.0004811286926269531,250,1,1
744,0.0,98,0,0
744,0.17671895027160645,381,1,1
745,0.0,98,0,0
745,0.014013051986694336,477,1,1
746,0.0,98,0,0
746,0.0004420280456542969,381,1,1
747,0.0,98,0,0
747,0.0005168914794921875,477,1,1
748,0.0,95,0,0
748,0.009774923324584961,229,1,1
749,0.0,95,0,0
749,0.0004830360412597656,274,1,1
750,0.0,98,0,0
750,0.009185075759887695,208,1,1
751,0.0,101,0,0
751,0.00977182388305664,276,1,1
752,0.0,101,0,0
752,0.009734869003295898,300,1,1
753,0.0,105,0,0
753,0.0006330013275146484,323,1,1
754,0.0,105,0,0
754,0.0004899501800537109,335,1,1
755,0.0,93,0,0
755,0.007375001907348633,230,1,1
756,0.0,93,0,0
756,0.00044798851013183594,274,1,1
757,0.0,82,0,0
757,0.015578031539916992,209,1,1
758,0.0,82,0,0
758,0.011362075805664062,185,1,1
759,0.0,82,0,0
759,0.00045418739318847656,186,1,1
760,0.0,95,0,0
760,0.012338876724243164,229,1,1
761,0.0,95,0,0
761,0.0004899501800537109,274,1,1
762,0.0,93,0,0
762,0.0006680488586425781,230,1,1
763,0.0,93,0,0
763,0.0005009174346923828,274,1,1
764,0.0,93,0,0
764,0.014008045196533203,274,1,1
765,0.0,99,0,0
765,0.00664210319519043,210,1,1
766,0.0,99,0,0
766,0.0005140304565429688,252,1,1
767,0.0,98,0,0
767,0.0006630420684814453,250,1,1
768,0.0,92,0,0
768,0.011881113052368164,255,1,1
769,0.0,92,0,0
769,0.019148826599121094,279,1,1
770,0.0,98,0,0
770,0.010794878005981445,229,1,1
771,0.0,98,0,0
771,0.00047516822814941406,253,1,1
772,0.0,100,0,0
772,0.0004239082336425781,212,1,1
773,0.0,100,0,0
773,0.0004038810729980469,254,1,1
774,0.0,98,0,0
774,0.00033211708068847656,229,1,1
775,0.0,98,0,0
775,0.0003669261932373047,253,1,1
776,0.0,101,0,0
776,0.021387100219726562,174,1,1
777,0.0,93,0,0
777,0.0006499290466308594,274,1,1
778,0.0,93,0,0
778,0.03729081153869629,230,1,1
779,0.0,93,0,0
779,0.011870145797729492,214,1,1
780,0.0,93,0,0
780,0.0053310394287109375,214,1,1
781,0.0,95,0,0
781,0.27133798599243164,195,1,1
782,0.0,93,0,0
782,0.005013942718505859,214,1,1
783,0.0,99,0,0
783,0.009378910064697266,210,1,1
784,0.0,99,0,0
784,0.0004627704620361328,252,1,1
785,0.0,93,0,0
785,0.011348962783813477,230,1,1
786,0.0,93,0,0
786,0.0049588680267333984,214,1,1
787,0.0,93,0,0
787,0.005318880081176758,214,1,1
788,0.0,95,0,0
788,0.01277613639831543,229,1,1
789,0.0,95,0,0
789,0.021820068359375,213,1,1
790,0.0,86,0,0
790,0.0074310302734375,145,1,1
791,0.0,86,0,0
791,0.1519157886505127,157,1,1
792,0.0,87,0,0
792,0.009596824645996094,160,1,1
793,0.0,87,0,0
793,0.013592004776000977,160,1,1
794,0.0,98,0,0
794,0.011103153228759766,208,1,1
795,0.0,98,0,0
795,0.0005741119384765625,250,1,1
796,0.0,92,0,0
796,0.010031938552856445,239,1,1
797,0.0,98,0,0
797,0.01314997673034668,394,1,1
798,0.0,98,0,0
798,0.013772010803222656,390,1,1
799,0.0,74,0,0
799,0.013486862182617188,90,1,1
800,0.0,74,0,0
800,0.015511035919189453,102,1,1
801,0.0,98,0,0
801,0.00589299201965332,114,1,1
802,0.0,98,0,0
802,0.009758949279785156,126,1,1
803,0.0,93,0,0
803,0.006493091583251953,230,1,1
804,0.0,93,0,0
804,0.002067089080810547,214,1,1
805,0.0,103,0,0
805,0.0007050037384033203,197,1,1
806,0.0,94,0,0
806,0.00036215782165527344,110,1,1
807,0.0,94,0,0
807,0.00033593177795410156,122,1,1
808,0.0,93,0,0
808,0.04122209548950195,214,1,1
809,0.0,93,0,0
809,0.0037059783935546875,214,1,1
810,0.0,95,0,0
810,0.0102081298828125,229,1,1
811,0.0,95,0,0
811,0.0004570484161376953,274,1,1
812,0.0,95,0,0
812,0.003292083740234375,111,1,1
813,0.0,95,0,0
813,0.0052661895751953125,123,1,1
814,0.0,79,0,0
814,0.01600503921508789,184,1,1
815,0.0,79,0,0
815,0.025207996368408203,152,1,1
816,0.0,98,0,0
816,0.0006661415100097656,250,1,1
817,0.0,98,0,0
817,0.030883073806762695,229,1,1
818,0.0,98,0,0
818,0.011015892028808594,253,1,1
819,0.0,93,0,0
819,0.0056781768798828125,214,1,1
820,0.0,82,0,0
820,0.02332019805908203,209,1,1
821,0.0,82,0,0
821,0.038253068923950195,185,1,1
822,0.0,82,0,0
822,0.028573989868164062,139,1,1
823,0.0,93,0,0
823,0.005828857421875,214,1,1
824,0.0,74,0,0
824,0.01541900634765625,90,1,1
825,0.0,74,0,0
825,0.012454032897949219,102,1,1
826,0.0,93,0,0
826,0.015254974365234375,230,1,1
827,0.0,93,0,0
827,0.007302999496459961,214,1,1
828,0.0,103,0,0
828,0.000659942626953125,197,1,1
829,0.0,93,0,0
829,0.06334614753723145,230,1,1
830,0.0,93,0,0
830,0.0470278263092041,214,1,1
831,0.0,94,0,0
831,0.0006148815155029297,110,1,1
832,0.0,87,0,0
832,0.0005381107330322266,164,1,1
833,0.0,87,0,0
833,0.0005152225494384766,164,1,1
834,0.0,94,0,0
834,0.0005590915679931641,110,1,1
835,0.0,94,0,0
835,0.0003650188446044922,122,1,1
836,0.0,107,0,0
836,0.0006110668182373047,201,1,1
836,0.021272897720336914,201,1,1
837,0.0,103,0,0
837,0.0006129741668701172,197,1,1
838,0.0,94,0,0
838,0.0003638267517089844,110,1,1
839,0.0,94,0,0
839,0.00043487548828125,122,1,1
840,0.0,94,0,0
840,0.0005619525909423828,110,1,1
841,0.0,94,0,0
841,0.0004971027374267578,110,1,1
842,0.0,94,0,0
842,0.00037598609924316406,122,1,1
843,0.0,74,0,0
843,0.019786834716796875,90,1,1
844,0.0,74,0,0
844,0.02418684959411621,102,1,1
845,0.0,99,0,0
845,0.013324975967407227,210,1,1
846,0.0,99,0,0
846,0.0005629062652587891,252,1,1
847,0.0,93,0,0
847,0.00953221321105957,230,1,1
848,0.0,93,0,0
848,0.00594019889831543,214,1,1
849,0.0,103,0,0
849,0.0007140636444091797,197,1,1
850,0.0,94,0,0
850,0.0004210472106933594,110,1,1
851,0.0,94,0,0
851,0.0003609657287597656,122,1,1
852,0.0,82,0,0
852,0.0008440017700195312,209,1,1
853,0.0,82,0,0
853,0.0003027915954589844,185,1,1
854,0.0,82,0,0
854,0.0004830360412597656,200,1,1
855,0.0,105,0,0
855,0.022075891494750977,308,1,1
856,0.0,93,0,0
856,0.0005879402160644531,230,1,1
857,0.0,93,0,0
857,0.002716064453125,214,1,1
858,0.0,82,0,0
858,0.0005838871002197266,209,1,1
859,0.0,82,0,0
859,0.00029397010803222656,185,1,1
860,0.0,82,0,0
860,0.007853031158447266,153,1,1
861,0.0,87,0,0
861,0.0002830028533935547,164,1,1
862,0.0,87,0,0
862,0.0003440380096435547,164,1,1
863,0.0,74,0,0
863,0.03096604347229004,90,1,1
864,0.0,74,0,0
864,0.0443727970123291,102,1,1
865,0.0,90,0,0
865,0.010523080825805664,176,1,1
866,0.0,90,0,0
866,0.01043391227722168,200,1,1
867,0.0,93,0,0
867,0.013175010681152344,233,1,1
868,0.0,93,0,0
868,0.021739959716796875,217,1,1
869,0.0,93,0,0
869,0.016070842742919922,233,1,1
870,0.0,93,0,0
870,0.0005221366882324219,278,1,1
871,0.0,103,0,0
871,0.0006561279296875,197,1,1
872,0.0,94,0,0
872,0.00045680999755859375,110,1,1
873,0.0,94,0,0
873,0.00040411949157714844,122,1,1
874,0.0,103,0,0
874,0.0006508827209472656,197,1,1
875,0.0,94,0,0
875,0.000453948974609375,110,1,1
876,0.0,94,0,0
876,0.00042510032653808594,122,1,1
877,0.0,93,0,0
877,0.000514984130859375,233,1,1
878,0.0,93,0,0
878,0.00038695335388183594,278,1,1
879,0.0,94,0,0
879,0.00044798851013183594,110,1,1
880,0.0,94,0,0
880,0.0004038810729980469,110,1,1
881,0.0,94,0,0
881,0.0003428459167480469,122,1,1
882,0.0,93,0,0
882,0.0005309581756591797,187,1,1
883,0.0,103,0,0
883,0.00061798095703125,197,1,1
884,0.0,139,0,0
884,0.0005240440368652344,233,1,1
885,0.0,139,0,0
885,0.0005230903625488281,233,1,1
886,0.0,124,0,0
886,0.000514984130859375,218,1,1
887,0.0,95,0,0
887,0.008542060852050781,183,1,1
888,0.0,95,0,0
888,0.00039505958557128906,195,1,1
889,0.0,74,0,0
889,0.01301121711730957,90,1,1
890,0.0,74,0,0
890,0.016679048538208008,102,1,1
891,0.0,134,0,0
891,0.0007350444793701172,228,1,1
892,0.0,98,0,0
892,0.0006530284881591797,201,1,1
892,0.017557859420776367,201,1,1
893,0.0,196,0,0
893,0.001180887222290039,196,1,1
894,0.0,316,0,0
894,0.36282801628112793,316,1,1
895,0.0,93,0,0
895,0.0005629062652587891,233,1,1
896,0.0,93,0,0
896,0.0007178783416748047,278,1,1
897,0.0,105,0,0
897,0.0009438991546630859,284,1,1
898,0.0,105,0,0
898,0.01048898696899414,308,1,1
899,0.0,86,0,0
899,0.0006721019744873047,145,1,1
900,0.0,86,0,0
900,0.00051116943359375,157,1,1
901,0.0,74,0,0
901,0.01105809211730957,90,1,1
902,0.0,74,0,0
902,0.011514902114868164,102,1,1
903,0.0,93,0,0
903,0.019600868225097656,233,1,1
904,0.0,93,0,0
904,0.0004661083221435547,278,1,1
905,0.0,99,0,0
905,0.009763002395629883,210,1,1
906,0.0,99,0,0
906,0.0004169940948486328,252,1,1
907,0.0,103,0,0
907,0.0006911754608154297,197,1,1
908,0.0,94,0,0
908,0.0003991127014160156,110,1,1
909,0.0,94,0,0
909,0.0005269050598144531,122,1,1
910,0.0,93,0,0
910,0.0005879402160644531,187,1,1
911,0.0,87,0,0
911,0.0005359649658203125,164,1,1
912,0.0,87,0,0
912,0.0005118846893310547,164,1,1
913,0.0,80,0,0
913,0.010077953338623047,96,1,1
914,0.0,88,0,0
914,0.012300968170166016,212,1,1
915,0.0,88,0,0
915,0.016531944274902344,268,1,1
916,0.0,124,0,0
916,0.0005009174346923828,218,1,1
917,0.0,92,0,0
917,0.0005209445953369141,169,1,1
917,0.024719953536987305,169,1,1
918,0.0,139,0,0
918,0.0005199909210205078,233,1,1
919,0.0,139,0,0
919,0.0005841255187988281,233,1,1
920,0.0,80,0,0
920,0.013607025146484375,175,1,1
921,0.0,80,0,0
921,0.024083852767944336,299,1,1
922,0.0,93,0,0
922,0.012779951095581055,230,1,1
923,0.0,93,0,0
923,0.02826976776123047,214,1,1
924,0.0,96,0,0
924,0.013178110122680664,183,1,1
925,0.0,96,0,0
925,0.03630709648132324,167,1,1
926,0.0,98,0,0
926,0.018182992935180664,208,1,1
927,0.0,98,0,0
927,0.013934135437011719,250,1,1
928,0.0,98,0,0
928,0.0005729198455810547,208,1,1
929,0.0,98,0,0
929,0.00039577484130859375,250,1,1
930,0.0,100,0,0
930,0.0003809928894042969,212,1,1
931,0.0,100,0,0
931,0.0004990100860595703,254,1,1
932,0.0,101,0,0
932,0.0005140304565429688,117,1,1
933,0.0,101,0,0
933,0.008599996566772461,174,1,1
934,0.0,101,0,0
934,0.00044989585876464844,117,1,1
935,0.0,101,0,0
935,0.00040411949157714844,174,1,1
936,0.0,101,0,0
936,0.0005700588226318359,117,1,1
937,0.0,101,0,0
937,0.014473915100097656,174,1,1
938,0.0,101,0,0
938,0.0005002021789550781,117,1,1
939,0.0,101,0,0
939,0.00041103363037109375,174,1,1
940,0.0,104,0,0
940,0.022486209869384766,157,1,1
941,0.0,104,0,0
941,0.022485971450805664,141,1,1
942,0.0,134,0,0
942,0.0005979537963867188,228,1,1
943,0.0,94,0,0
943,0.0002970695495605469,110,1,1
944,0.0,94,0,0
944,0.00032901763916015625,122,1,1
945,0.0,98,0,0
945,0.002850055694580078,114,1,1
946,0.0,98,0,0
946,0.004582881927490234,126,1,1
947,0.0,98,0,0
947,0.00044417381286621094,114,1,1
948,0.0,98,0,0
948,0.00041604042053222656,126,1,1
949,0.0,98,0,0
949,0.009768009185791016,229,1,1
950,0.0,98,0,0
950,0.009924173355102539,253,1,1
951,0.0,101,0,0
951,0.0008769035339355469,117,1,1
952,0.0,101,0,0
952,0.0006699562072753906,174,1,1
953,0.0,87,0,0
953,0.0005240440368652344,164,1,1
954,0.0,87,0,0
954,0.00047397613525390625,164,1,1
955,0.0,90,0,0
955,0.015669822692871094,261,1,1
956,0.0,90,0,0
956,0.011661052703857422,285,1,1
957,0.0,95,0,0
957,0.011657953262329102,228,1,1
958,0.0,95,0,0
958,0.021676063537597656,212,1,1
959,0.0,93,0,0
959,0.02035808563232422,230,1,1
960,0.0,93,0,0
960,0.041503190994262695,275,1,1
961,0.0,79,0,0
961,0.011111021041870117,169,1,1
962,0.0,79,0,0
962,0.01598978042602539,209,1,1
963,0.0,98,0,0
963,0.010344982147216797,204,1,1
964,0.0,98,0,0
964,0.0003769397735595703,246,1,1
965,0.0,75,0,0
965,0.016531944274902344,150,1,1
966,0.0,75,0,0
966,0.02689385414123535,134,1,1
967,0.0,76,0,0
967,0.016885995864868164,341,1,1
968,0.0,76,0,0
968,0.019746065139770508,337,1,1
969,0.0,74,0,0
969,0.07645606994628906,334,1,1
970,0.0,74,0,0
970,0.015789031982421875,330,1,1
971,0.0,75,0,0
971,0.01273202896118164,336,1,1
972,0.0,75,0,0
972,0.015549898147583008,332,1,1
973,0.0,77,0,0
973,0.008559942245483398,93,1,1
974,0.0,77,0,0
974,0.0074269771575927734,105,1,1
975,0.0,95,0,0
975,0.002382993698120117,111,1,1
976,0.0,95,0,0
976,0.003347158432006836,123,1,1
977,0.0,93,0,0
977,0.06956791877746582,230,1,1
978,0.0,93,0,0
978,0.016402006149291992,214,1,1
979,0.0,75,0,0
979,0.0006220340728759766,191,1,1
980,0.0,85,0,0
980,0.040940046310424805,245,1,1
981,0.0,85,0,0
981,0.031042098999023438,257,1,1
982,0.0,78,0,0
982,0.012075185775756836,232,1,1
983,0.0,78,0,0
983,0.011004209518432617,152,1,1
984,0.0,93,0,0
984,0.02584099769592285,230,1,1
985,0.0,93,0,0
985,0.007493019104003906,214,1,1
986,0.0,90,0,0
986,0.21083498001098633,213,1,1
987,0.0,90,0,0
987,0.02682805061340332,197,1,1
988,0.0,85,0,0
988,0.010959863662719727,170,1,1
989,0.0,85,0,0
989,0.01175999641418457,201,1,1
990,0.0,87,0,0
990,0.0005819797515869141,164,1,1
991,0.0,87,0,0
991,0.0003719329833984375,164,1,1
992,0.0,82,0,0
992,0.015184164047241211,209,1,1
993,0.0,82,0,0
993,0.01818394660949707,185,1,1
994,0.0,82,0,0
994,0.0006570816040039062,186,1,1
995,0.0,76,0,0
995,0.018975019454956055,337,1,1
996,0.0,76,0,0
996,0.018316030502319336,341,1,1
997,0.0,76,0,0
997,0.03489494323730469,197,1,1
998,0.0,74,0,0
998,0.023885011672973633,90,1,1
999,0.0,82,0,0
999,0.0004858970642089844,209,1,1
1000,0.0,82,0,0
1000,0.00037598609924316406,185,1,1
1001,0.0,82,0,0
1001,0.00043320655822753906,200,1,1
1002,0.0,74,0,0
1002,0.3011131286621094,102,1,1
1003,0.0,74,0,0
1003,0.01147007942199707,90,1,1
1004,0.0,87,0,0
1004,0.0004668235778808594,164,1,1
1005,0.0,87,0,0
1005,0.0004889965057373047,164,1,1
1006,0.0,98,0,0
1006,0.02037501335144043,363,1,1
1007,0.0,98,0,0
1007,0.02794790267944336,351,1,1
1008,0.0,98,0,0
1008,0.039891958236694336,335,1,1
1009,0.0,134,0,0
1009,0.0006699562072753906,228,1,1
1010,0.0,76,0,0
1010,0.01294708251953125,341,1,1
1011,0.0,76,0,0
1011,0.01874995231628418,337,1,1
1012,0.0,95,0,0
1012,0.01557302474975586,229,1,1
1013,0.0,95,0,0
1013,0.029881000518798828,213,1,1
1014,0.0,95,0,0
1014,0.0005459785461425781,229,1,1
1015,0.0,95,0,0
1015,0.0004830360412597656,274,1,1
1016,0.0,78,0,0
1016,0.03246808052062988,363,1,1
1017,0.0,78,0,0
1017,0.0486140251159668,235,1,1
1018,0.0,81,0,0
1018,0.0006210803985595703,186,1,1
1019,0.0,81,0,0
1019,0.0005488395690917969,198,1,1
1020,0.0,75,0,0
1020,0.05054116249084473,193,1,1
1021,0.0,75,0,0
1021,0.024969100952148438,177,1,1
1022,0.0,104,0,0
1022,0.01169586181640625,157,1,1
1023,0.0,104,0,0
1023,0.011099815368652344,141,1,1
1024,0.0,95,0,0
1024,0.0488278865814209,205,1,1
1025,0.0,95,0,0
1025,0.07709383964538574,245,1,1
1026,0.0,92,0,0
1026,0.0006918907165527344,414,1,1
1027,0.0,92,0,0
1027,0.010803937911987305,402,1,1
1028,0.0,92,0,0
1028,0.00043392181396484375,446,1,1
1029,0.0,87,0,0
1029,0.0002980232238769531,164,1,1
1030,0.0,87,0,0
1030,0.0003371238708496094,164,1,1
1031,0.0,105,0,0
1031,0.018202781677246094,394,1,1
1032,0.0,105,0,0
1032,0.11591911315917969,506,1,1
1033,0.0,82,0,0
1033,0.014245986938476562,209,1,1
1034,0.0,82,0,0
1034,0.017138004302978516,185,1,1
1035,0.0,82,0,0
1035,0.013792037963867188,139,1,1
1036,0.0,105,0,0
1036,0.012832164764404297,410,1,1
1037,0.0,75,0,0
1037,0.010855913162231445,193,1,1
1038,0.0,75,0,0
1038,0.0005078315734863281,248,1,1
1039,0.0,105,0,0
1039,0.10308098793029785,478,1,1
1040,0.0,104,0,0
1040,0.008003950119018555,141,1,1
1041,0.0,104,0,0
1041,0.0006010532379150391,199,1,1
1042,0.0,105,0,0
1042,0.019577980041503906,410,1,1
1043,0.0,105,0,0
1043,0.07415199279785156,506,1,1
1044,0.0,99,0,0
1044,0.009425878524780273,210,1,1
1045,0.0,99,0,0
1045,0.0004429817199707031,252,1,1
1046,0.0,98,0,0
1046,0.01001882553100586,208,1,1
1047,0.0,98,0,0
1047,0.00051116943359375,250,1,1
1048,0.0,92,0,0
1048,0.020837068557739258,261,1,1
1049,0.0,92,0,0
1049,0.026584148406982422,285,1,1
1050,0.0,98,0,0
1050,0.035523176193237305,229,1,1
1051,0.0,98,0,0
1051,0.009737014770507812,253,1,1
1052,0.0,93,0,0
1052,0.02674698829650879,235,1,1
1053,0.0,93,0,0
1053,0.07707786560058594,219,1,1
1054,0.0,98,0,0
1054,0.00034689903259277344,229,1,1
1055,0.0,98,0,0
1055,0.0004990100860595703,253,1,1
1056,0.0,98,0,0
1056,0.010215997695922852,394,1,1
1057,0.0,98,0,0
1057,0.02328801155090332,362,1,1
1058,0.0,98,0,0
1058,0.0005698204040527344,394,1,1
1059,0.0,98,0,0
1059,0.00043320655822753906,362,1,1
1060,0.0,98,0,0
1060,0.0005538463592529297,229,1,1
1061,0.0,98,0,0
1061,0.00039887428283691406,253,1,1
1062,0.0,93,0,0
1062,0.0004761219024658203,280,1,1
1063,0.0,98,0,0
1063,0.0005409717559814453,394,1,1
1064,0.0,98,0,0
1064,0.0006198883056640625,362,1,1
1065,0.0,98,0,0
1065,0.0005998611450195312,394,1,1
1066,0.0,98,0,0
1066,0.000392913818359375,362,1,1
1067,0.0,98,0,0
1067,0.0005660057067871094,229,1,1
1068,0.0,98,0,0
1068,0.00039315223693847656,253,1,1
1069,0.0,93,0,0
1069,0.00057220458984375,235,1,1
1070,0.0,93,0,0
1070,0.010584115982055664,235,1,1
1071,0.0,93,0,0
1071,0.0005731582641601562,280,1,1
1072,0.0,98,0,0
1072,0.0034389495849609375,114,1,1
1073,0.0,98,0,0
1073,0.004705905914306641,126,1,1
1074,0.0,98,0,0
1074,0.014899969100952148,208,1,1
1075,0.0,98,0,0
1075,0.0004780292510986328,250,1,1
1076,0.0,98,0,0
1076,0.00034999847412109375,229,1,1
1077,0.0,98,0,0
1077,0.0004878044128417969,253,1,1
1078,0.0,98,0,0
1078,0.0005648136138916016,394,1,1
1079,0.0,98,0,0
1079,0.0004220008850097656,362,1,1
1080,0.0,95,0,0
1080,0.009460926055908203,183,1,1
1081,0.0,95,0,0
1081,0.01324605941772461,195,1,1
1082,0.0,98,0,0
1082,0.0007479190826416016,394,1,1
1083,0.0,98,0,0
1083,0.0004489421844482422,362,1,1
1084,0.0,98,0,0
1084,0.0005090236663818359,229,1,1
1085,0.0,98,0,0
1085,0.0006260871887207031,253,1,1
1086,0.0,93,0,0
1086,0.0005459785461425781,235,1,1
1087,0.0,75,0,0
1087,0.0193941593170166,192,1,1
1088,0.0,75,0,0
1088,0.047193050384521484,176,1,1
1089,0.0,93,0,0
1089,0.006517887115478516,235,1,1
1090,0.0,93,0,0
1090,0.0006401538848876953,280,1,1
1091,0.0,98,0,0
1091,0.0005431175231933594,250,1,1
1092,0.0,98,0,0
1092,0.0005650520324707031,229,1,1
1093,0.0,98,0,0
1093,0.00043892860412597656,253,1,1
1094,0.0,98,0,0
1094,0.0005321502685546875,229,1,1
1095,0.0,98,0,0
1095,0.0003910064697265625,253,1,1
1096,0.0,92,0,0
1096,0.0005750656127929688,285,1,1
1097,0.0,98,0,0
1097,0.00039196014404296875,394,1,1
1098,0.0,98,0,0
1098,0.0005030632019042969,362,1,1
1099,0.0,93,0,0
1099,0.0005419254302978516,280,1,1
1100,0.0,98,0,0
1100,0.0004680156707763672,250,1,1
1101,0.0,92,0,0
1101,0.009586095809936523,285,1,1
1102,0.0,98,0,0
1102,0.009528160095214844,394,1,1
1103,0.0,98,0,0
1103,0.0004000663757324219,362,1,1
1104,0.0,100,0,0
1104,0.0005040168762207031,212,1,1
1105,0.0,100,0,0
1105,0.0003859996795654297,254,1,1
1106,0.0,101,0,0
1106,0.038574934005737305,117,1,1
1107,0.0,101,0,0
1107,0.013174057006835938,174,1,1
1108,0.0,98,0,0
1108,0.0006139278411865234,229,1,1
1109,0.0,98,0,0
1109,0.0004649162292480469,253,1,1
1110,0.0,93,0,0
1110,0.0005471706390380859,235,1,1
1111,0.0,93,0,0
1111,0.013428926467895508,235,1,1
1112,0.0,93,0,0
1112,0.0004839897155761719,280,1,1
1113,0.0,93,0,0
1113,0.0005559921264648438,235,1,1
1114,0.0,82,0,0
1114,0.046079158782958984,209,1,1
1115,0.0,82,0,0
1115,0.06062889099121094,185,1,1
1116,0.0,82,0,0
1116,0.0005230903625488281,186,1,1
1117,0.0,93,0,0
1117,0.12068986892700195,233,1,1
1118,0.0,93,0,0
1118,0.00409698486328125,217,1,1
1119,0.0,93,0,0
1119,0.0041790008544921875,217,1,1
1120,0.0,104,0,0
1120,0.009985923767089844,141,1,1
1121,0.0,93,0,0
1121,0.0005280971527099609,233,1,1
1122,0.0,93,0,0
1122,0.004765987396240234,217,1,1
1123,0.0,99,0,0
1123,0.011347055435180664,210,1,1
1124,0.0,99,0,0
1124,0.0006010532379150391,252,1,1
1125,0.0,98,0,0
1125,0.023468971252441406,394,1,1
1126,0.0,98,0,0
1126,0.048501014709472656,362,1,1
1127,0.0,93,0,0
1127,0.03993105888366699,233,1,1
1128,0.0,93,0,0
1128,0.04172992706298828,217,1,1
1129,0.0,98,0,0
1129,0.0006330013275146484,394,1,1
1130,0.0,98,0,0
1130,0.0007791519165039062,362,1,1
1131,0.0,93,0,0
1131,0.002379179000854492,217,1,1
1132,0.0,103,0,0
1132,0.0006098747253417969,197,1,1
1133,0.0,94,0,0
1133,0.00033020973205566406,110,1,1
1134,0.0,94,0,0
1134,0.0003650188446044922,122,1,1
1135,0.0,93,0,0
1135,0.0006089210510253906,187,1,1
1136,0.0,87,0,0
1136,0.0004851818084716797,164,1,1
1137,0.0,87,0,0
1137,0.0005180835723876953,164,1,1
1138,0.0,80,0,0
1138,0.008862018585205078,96,1,1
1139,0.0,88,0,0
1139,0.01116490364074707,212,1,1
1140,0.0,88,0,0
1140,0.011595010757446289,268,1,1
1141,0.0,134,0,0
1141,0.0005781650543212891,228,1,1
1142,0.0,139,0,0
1142,0.0005209445953369141,233,1,1
1143,0.0,91,0,0
1143,0.0006630420684814453,168,1,1
1143,0.013777017593383789,168,1,1
1144,0.0,108,0,0
1144,0.0006821155548095703,202,1,1
1144,0.013737916946411133,202,1,1
1145,0.0,139,0,0
1145,0.0005781650543212891,233,1,1
1146,0.0,124,0,0
1146,0.0005779266357421875,218,1,1
1147,0.0,93,0,0
1147,0.23077082633972168,237,1,1
1148,0.0,93,0,0
1148,0.024742841720581055,221,1,1
1149,0.0,80,0,0
1149,0.011185884475708008,175,1,1
1150,0.0,80,0,0
1150,0.014864206314086914,215,1,1
1151,0.0,96,0,0
1151,0.017358779907226562,183,1,1
1152,0.0,96,0,0
1152,0.037390947341918945,167,1,1
1153,0.0,98,0,0
1153,0.04051089286804199,208,1,1
1154,0.0,98,0,0
1154,0.0004298686981201172,250,1,1
1155,0.0,98,0,0
1155,0.00055694580078125,208,1,1
1156,0.0,98,0,0
1156,0.0003998279571533203,250,1,1
1157,0.0,100,0,0
1157,0.04169106483459473,212,1,1
1158,0.0,100,0,0
1158,0.0353548526763916,254,1,1
1159,0.0,134,0,0
1159,0.0007290840148925781,228,1,1
1160,0.0,101,0,0
1160,0.0005910396575927734,117,1,1
1161,0.0,101,0,0
1161,0.009900093078613281,174,1,1
1162,0.0,101,0,0
1162,0.0005068778991699219,117,1,1
1163,0.0,101,0,0
1163,0.008697032928466797,174,1,1
1164,0.0,101,0,0
1164,0.000370025634765625,117,1,1
1165,0.0,101,0,0
1165,0.014201164245605469,174,1,1
1166,0.0,98,0,0
1166,0.00418400764465332,114,1,1
1167,0.0,98,0,0
1167,0.008428812026977539,126,1,1
1168,0.0,87,0,0
1168,0.0006380081176757812,164,1,1
1169,0.0,87,0,0
1169,0.0004010200500488281,164,1,1
1170,0.0,90,0,0
1170,0.016355037689208984,259,1,1
1171,0.0,90,0,0
1171,0.029542922973632812,255,1,1
1172,0.0,93,0,0
1172,0.01131296157836914,230,1,1
1173,0.0,93,0,0
1173,0.023504972457885742,214,1,1
1174,0.0,75,0,0
1174,0.0173799991607666,150,1,1
1175,0.0,75,0,0
1175,0.09647011756896973,134,1,1
1176,0.0,76,0,0
1176,0.025054931640625,341,1,1
1177,0.0,76,0,0
1177,0.035559892654418945,337,1,1
1178,0.0,74,0,0
1178,0.014651060104370117,334,1,1
1179,0.0,74,0,0
1179,0.04074883460998535,330,1,1
1180,0.0,75,0,0
1180,0.013907909393310547,336,1,1
1181,0.0,75,0,0
1181,0.018571138381958008,332,1,1
1182,0.0,95,0,0
1182,0.004208087921142578,111,1,1
1183,0.0,95,0,0
1183,0.0054819583892822266,123,1,1
1184,0.0,77,0,0
1184,0.003988027572631836,93,1,1
1185,0.0,77,0,0
1185,0.006682157516479492,105,1,1
1186,0.0,93,0,0
1186,0.01882195472717285,230,1,1
1187,0.0,93,0,0
1187,0.004876852035522461,275,1,1
1188,0.0,75,0,0
1188,0.0007691383361816406,191,1,1
1189,0.0,78,0,0
1189,0.23373103141784668,232,1,1
1190,0.0,78,0,0
1190,0.0004661083221435547,210,1,1
1191,0.0,90,0,0
1191,0.017887115478515625,214,1,1
1192,0.0,90,0,0
1192,0.024747848510742188,198,1,1
1193,0.0,74,0,0
1193,0.023705005645751953,90,1,1
1194,0.0,74,0,0
1194,0.01772904396057129,102,1,1
1195,0.0,87,0,0
1195,0.0006000995635986328,164,1,1
1196,0.0,87,0,0
1196,0.0004019737243652344,164,1,1
1197,0.0,82,0,0
1197,0.01806497573852539,209,1,1
1198,0.0,82,0,0
1198,0.021880149841308594,185,1,1
1199,0.0,82,0,0
1199,0.05105018615722656,153,1,1
1200,0.0,76,0,0
1200,0.00037598609924316406,337,1,1
1201,0.0,76,0,0
1201,0.00027298927307128906,341,1,1
1202,0.0,76,0,0
1202,0.00061798095703125,258,1,1
1203,0.0,89,0,0
1203,0.023576021194458008,332,1,1
1204,0.0,89,0,0
1204,0.018769025802612305,428,1,1
1205,0.0,82,0,0
1205,0.0004608631134033203,209,1,1
1206,0.0,82,0,0
1206,0.0005259513854980469,185,1,1
1207,0.0,82,0,0
1207,0.0003578662872314453,200,1,1
1208,0.0,74,0,0
1208,0.016523122787475586,90,1,1
1209,0.0,74,0,0
1209,0.021712064743041992,102,1,1
1210,0.0,87,0,0
1210,0.0006802082061767578,164,1,1
1211,0.0,87,0,0
1211,0.00043702125549316406,164,1,1
1212,0.0,74,0,0
1212,0.009810924530029297,90,1,1
1213,0.0,74,0,0
1213,0.012424945831298828,102,1,1
1214,0.0,87,0,0
1214,0.0005621910095214844,164,1,1
1215,0.0,87,0,0
1215,0.000453948974609375,164,1,1
1216,0.0,77,0,0
1216,0.010053873062133789,93,1,1
1217,0.0,77,0,0
1217,0.006596088409423828,105,1,1
1218,0.0,98,0,0
1218,0.026352882385253906,363,1,1
1219,0.0,98,0,0
1219,0.05171084403991699,351,1,1
1220,0.0,98,0,0
1220,0.05171012878417969,335,1,1
1221,0.0,134,0,0
1221,0.0006420612335205078,228,1,1
1222,0.0,95,0,0
1222,0.019190073013305664,229,1,1
1223,0.0,95,0,0
1223,0.009002923965454102,213,1,1
1224,0.0,95,0,0
1224,0.00669407844543457,213,1,1
1225,0.0,92,0,0
1225,0.0007708072662353516,414,1,1
1226,0.0,92,0,0
1226,0.0008549690246582031,402,1,1
1227,0.0,92,0,0
1227,0.0006060600280761719,446,1,1
1228,0.0,87,0,0
1228,0.0003039836883544922,164,1,1
1229,0.0,87,0,0
1229,0.00038504600524902344,164,1,1
1230,0.0,105,0,0
1230,0.023751020431518555,284,1,1
1231,0.0,105,0,0
1231,0.019268035888671875,308,1,1
