flow_id,iat,packet_length,direction,icmp_type
0,0.0,114,0,8
0,0.015999794006347656,114,1,0
0,0.0,114,1,0
1,0.0,114,0,8
1,0.016000032424926758,114,1,0
1,0.0,114,1,0
2,0.0,114,0,8
2,0.016000032424926758,114,1,0
2,0.0,114,1,0
3,0.0,114,0,8
3,0.016000032424926758,114,1,0
3,0.0,114,1,0
4,0.0,114,0,8
4,0.015000104904174805,114,1,0
4,0.0,114,1,0
5,0.0,114,0,8
5,0.015000104904174805,114,1,0
5,0.0,114,1,0
6,0.0,114,0,8
6,0.015000104904174805,114,1,0
6,0.0,114,1,0
7,0.0,114,0,8
7,0.016000032424926758,114,1,0
7,0.0,114,1,0
8,0.0,114,0,8
8,0.016000032424926758,114,1,0
8,0.0,114,1,0
9,0.0,114,0,8
9,0.016000032424926758,114,1,0
9,0.0,114,1,0
10,0.0,98,0,8
10,0.0070989131927490234,98,1,0
11,0.0,98,0,8
11,0.008615970611572266,98,1,0
12,0.0,74,0,8
12,0.032501935958862305,74,1,0
12,0.002251148223876953,74,1,0
12,1.9073486328125e-06,74,1,0
12,0.0014979839324951172,74,1,0
12,0.0007519721984863281,74,1,0
12,0.001497030258178711,74,1,0
13,0.0,98,0,8
13,0.09026598930358887,98,1,0
14,0.0,98,0,8
14,0.1185150146484375,98,1,0
15,0.0,98,0,8
15,0.08776402473449707,98,1,0
16,0.0,98,0,8
16,0.03400397300720215,98,1,0
17,0.0,98,0,8
17,0.04612994194030762,98,1,0
18,0.0,98,0,8
18,0.10401606559753418,98,1,0
19,0.0,98,0,8
19,0.08851408958435059,98,1,0
20,0.0,98,0,8
20,0.10451292991638184,98,1,0
21,0.0,98,0,8
21,0.052512168884277344,98,1,0
22,0.0,74,0,8
22,0.0014979839324951172,74,1,0
22,0.001497030258178711,74,1,0
22,0.0011260509490966797,74,1,0
22,0.0013768672943115234,74,1,0
22,0.0012481212615966797,74,1,0
22,0.0009999275207519531,74,1,0
23,0.0,98,0,8
23,0.00698089599609375,98,1,0
24,0.0,98,0,8
24,0.007253885269165039,98,1,0
25,0.0,98,0,8
25,0.019508838653564453,98,1,0
26,0.0,98,0,8
26,0.006990909576416016,98,1,0
27,0.0,98,0,8
27,0.00725102424621582,98,1,0
28,0.0,98,0,8
28,0.00900411605834961,98,1,0
29,0.0,98,0,8
29,0.006501197814941406,98,1,0
30,0.0,98,0,8
30,0.011253833770751953,98,1,0
31,0.0,98,0,8
31,0.006751060485839844,98,1,0
32,0.0,74,0,8
32,0.00026988983154296875,74,1,0
33,0.0,74,0,8
33,0.00023102760314941406,74,1,0
34,0.0,74,0,8
34,2.1457672119140625e-06,74,1,0
35,0.0,74,0,8
35,1.9073486328125e-06,74,1,0
35,0.0002429485321044922,74,1,0
36,0.0,74,0,8
36,0.00025200843811035156,74,1,0
37,0.0,98,0,8
37,0.0027480125427246094,98,1,0
38,0.0,98,0,8
38,0.0027408599853515625,98,1,0
39,0.0,98,0,8
39,0.0027489662170410156,98,1,0
40,0.0,98,0,8
40,0.002981901168823242,98,1,0
41,0.0,98,0,8
41,0.08176302909851074,98,1,0
42,0.0,98,0,8
42,0.002752065658569336,98,1,0
43,0.0,98,0,8
43,0.0027480125427246094,98,1,0
44,0.0,98,0,8
44,0.0027570724487304688,98,1,0
45,0.0,98,0,8
45,0.002995014190673828,98,1,0
46,0.0,74,0,8
46,0.009251117706298828,74,1,0
46,0.0012509822845458984,74,1,0
46,0.0012519359588623047,74,1,0
46,0.0012509822845458984,74,1,0
46,0.0011229515075683594,74,1,0
46,0.0012500286102294922,74,1,0
47,0.0,98,0,8
47,0.020752906799316406,98,1,0
48,0.0,98,0,8
48,0.021003007888793945,98,1,0
49,0.0,98,0,8
49,0.021502017974853516,98,1,0
50,0.0,98,0,8
50,0.02175283432006836,98,1,0
51,0.0,98,0,8
51,0.022513151168823242,98,1,0
52,0.0,98,0,8
52,0.02300095558166504,98,1,0
53,0.0,98,0,8
53,0.02126002311706543,98,1,0
54,0.0,98,0,8
54,0.0305020809173584,98,1,0
55,0.0,98,0,8
55,0.020757198333740234,98,1,0
56,0.0,74,0,8
56,0.027499914169311523,74,1,0
56,0.001001119613647461,74,1,0
56,0.0014998912811279297,74,1,0
56,0.00025200843811035156,74,1,0
56,0.0014979839324951172,74,1,0
56,0.0015010833740234375,74,1,0
57,0.0,98,0,8
57,0.03425002098083496,98,1,0
58,0.0,98,0,8
58,0.03475499153137207,98,1,0
59,0.0,98,0,8
59,0.054746150970458984,98,1,0
60,0.0,98,0,8
60,0.03400611877441406,98,1,0
61,0.0,98,0,8
61,0.03425717353820801,98,1,0
62,0.0,98,0,8
62,0.034757137298583984,98,1,0
63,0.0,98,0,8
63,0.03426098823547363,98,1,0
64,0.0,98,0,8
64,0.03449702262878418,98,1,0
65,0.0,98,0,8
65,0.03450298309326172,98,1,0
66,0.0,60,0,8
66,0.0008530616760253906,60,1,0
67,0.0,74,0,8
67,0.12545013427734375,74,1,0
68,0.0,74,0,8
68,0.12475919723510742,74,1,0
68,3.5762786865234375e-05,74,1,0
68,0.00036406517028808594,74,1,0
69,0.0,74,0,8
69,0.12465381622314453,74,1,0
69,2.4080276489257812e-05,74,1,0
69,6.9141387939453125e-06,74,1,0
70,0.0,74,0,8
70,0.12531495094299316,74,1,0
70,3.600120544433594e-05,74,1,0
70,6.198883056640625e-06,74,1,0
71,0.0,74,0,8
71,0.1251828670501709,74,1,0
71,3.409385681152344e-05,74,1,0
71,5.0067901611328125e-06,74,1,0
72,0.0,74,0,8
72,0.12477803230285645,74,1,0
72,3.3855438232421875e-05,74,1,0
72,0.0004000663757324219,74,1,0
73,0.0,98,0,8
73,0.0007941722869873047,98,1,0
74,0.0,98,0,8
74,0.0007340908050537109,98,1,0
75,0.0,98,0,8
75,0.0009789466857910156,98,1,0
76,0.0,98,0,8
76,0.0008070468902587891,98,1,0
77,0.0,130,0,8
77,0.0010581016540527344,130,1,0
78,0.0,130,0,8
78,0.0006840229034423828,130,1,0
79,0.0,130,0,8
79,0.0008289813995361328,130,1,0
80,0.0,110,0,8
80,0.004836559295654297,110,1,0
81,0.0,110,0,8
81,0.004812717437744141,110,1,0
82,0.0,110,0,8
82,0.005059003829956055,110,1,0
83,0.0,110,0,8
83,0.004748821258544922,110,1,0
84,0.0,110,0,8
84,0.004776954650878906,110,1,0
85,0.0,110,0,8
85,0.004794120788574219,110,1,0
86,0.0,110,0,8
86,0.004797935485839844,110,1,0
87,0.0,110,0,8
87,0.0048656463623046875,110,1,0
88,0.0,110,0,8
88,0.005120038986206055,110,1,0
89,0.0,110,0,8
89,0.0053021907806396484,110,1,0
90,0.0,110,0,8
90,0.0049898624420166016,110,1,0
91,0.0,110,0,8
91,0.00495457649230957,110,1,0
92,0.0,110,0,8
92,0.004884958267211914,110,1,0
93,0.0,110,0,8
93,0.00504302978515625,110,1,0
94,0.0,110,0,8
94,0.00496220588684082,110,1,0
95,0.0,110,0,8
95,0.004983663558959961,110,1,0
96,0.0,110,0,8
96,0.00499415397644043,110,1,0
97,0.0,110,0,8
97,0.005158424377441406,110,1,0
98,0.0,110,0,8
98,0.0048868656158447266,110,1,0
99,0.0,110,0,8
99,0.0048825740814208984,110,1,0
100,0.0,110,0,8
100,0.0050048828125,110,1,0
101,0.0,110,0,8
101,0.004912376403808594,110,1,0
102,0.0,110,0,8
102,0.004873752593994141,110,1,0
103,0.0,110,0,8
103,0.004837512969970703,110,1,0
104,0.0,110,0,8
104,0.0050313472747802734,110,1,0
105,0.0,110,0,8
105,0.0061321258544921875,110,1,0
106,0.0,110,0,8
106,0.0050547122955322266,110,1,0
107,0.0,110,0,8
107,0.005138874053955078,110,1,0
108,0.0,110,0,8
108,0.004834175109863281,110,1,0
109,0.0,110,0,8
109,0.005012989044189453,110,1,0
110,0.0,110,0,8
110,0.00527501106262207,110,1,0
111,0.0,110,0,8
111,0.004835605621337891,110,1,0
112,0.0,110,0,8
112,0.004817485809326172,110,1,0
113,0.0,110,0,8
113,0.004746675491333008,110,1,0
114,0.0,110,0,8
114,0.005029916763305664,110,1,0
115,0.0,110,0,8
115,0.005486011505126953,110,1,0
116,0.0,110,0,8
116,0.004790782928466797,110,1,0
117,0.0,110,0,8
117,0.0047817230224609375,110,1,0
118,0.0,110,0,8
118,0.004785060882568359,110,1,0
119,0.0,110,0,8
119,0.004832744598388672,110,1,0
120,0.0,110,0,8
120,0.004917144775390625,110,1,0
121,0.0,110,0,8
121,0.004872798919677734,110,1,0
122,0.0,110,0,8
122,0.004903554916381836,110,1,0
123,0.0,110,0,8
123,0.0047245025634765625,110,1,0
124,0.0,110,0,8
124,0.00484919548034668,110,1,0
125,0.0,110,0,8
125,0.004683256149291992,110,1,0
126,0.0,110,0,8
126,0.004796504974365234,110,1,0
127,0.0,110,0,8
127,0.005139589309692383,110,1,0
128,0.0,110,0,8
128,0.00481414794921875,110,1,0
129,0.0,110,0,8
129,0.00502777099609375,110,1,0
130,0.0,110,0,8
130,0.004750490188598633,110,1,0
131,0.0,110,0,8
131,0.004694938659667969,110,1,0
132,0.0,110,0,8
132,0.004872322082519531,110,1,0
133,0.0,110,0,8
133,0.004721164703369141,110,1,0
134,0.0,110,0,8
134,0.0048084259033203125,110,1,0
135,0.0,110,0,8
135,0.005336284637451172,110,1,0
136,0.0,110,0,8
136,0.0047342777252197266,110,1,0
137,0.0,110,0,8
137,0.004820346832275391,110,1,0
138,0.0,110,0,8
138,0.0048253536224365234,110,1,0
139,0.0,110,0,8
139,0.004851102828979492,110,1,0
140,0.0,110,0,8
140,0.004832267761230469,110,1,0
141,0.0,110,0,8
141,0.004736423492431641,110,1,0
142,0.0,110,0,8
142,0.004806995391845703,110,1,0
143,0.0,110,0,8
143,0.004987239837646484,110,1,0
144,0.0,110,0,8
144,0.01156306266784668,110,1,0
145,0.0,110,0,8
145,0.006496429443359375,110,1,0
146,0.0,110,0,8
146,0.004942893981933594,110,1,0
147,0.0,110,0,8
147,0.004927158355712891,110,1,0
148,0.0,110,0,8
148,0.0048215389251708984,110,1,0
149,0.0,110,0,8
149,0.0050907135009765625,110,1,0
150,0.0,110,0,8
150,0.005034685134887695,110,1,0
151,0.0,110,0,8
151,0.005049943923950195,110,1,0
152,0.0,110,0,8
152,0.005564451217651367,110,1,0
153,0.0,110,0,8
153,0.004961490631103516,110,1,0
154,0.0,110,0,8
154,0.005108833312988281,110,1,0
155,0.0,110,0,8
155,0.00499272346496582,110,1,0
156,0.0,110,0,8
156,0.004912853240966797,110,1,0
157,0.0,110,0,8
157,0.005530595779418945,110,1,0
158,0.0,110,0,8
158,0.004904508590698242,110,1,0
159,0.0,110,0,8
159,0.004991054534912109,110,1,0
160,0.0,110,0,8
160,0.0050449371337890625,110,1,0
161,0.0,110,0,8
161,0.006820201873779297,110,1,0
162,0.0,110,0,8
162,0.005208492279052734,110,1,0
163,0.0,110,0,8
163,0.004884958267211914,110,1,0
164,0.0,110,0,8
164,0.006844282150268555,110,1,0
165,0.0,110,0,8
165,0.004889011383056641,110,1,0
166,0.0,110,0,8
166,0.004877805709838867,110,1,0
167,0.0,110,0,8
167,0.004914283752441406,110,1,0
168,0.0,110,0,8
168,0.0048716068267822266,110,1,0
169,0.0,110,0,8
169,0.0050051212310791016,110,1,0
170,0.0,110,0,8
170,0.006072044372558594,110,1,0
171,0.0,110,0,8
171,0.0050106048583984375,110,1,0
172,0.0,110,0,8
172,0.0049114227294921875,110,1,0
173,0.0,110,0,8
173,0.004935264587402344,110,1,0
174,0.0,110,0,8
174,0.005102634429931641,110,1,0
175,0.0,110,0,8
175,0.004817485809326172,110,1,0
176,0.0,110,0,8
176,0.004817962646484375,110,1,0
177,0.0,110,0,8
177,0.004859209060668945,110,1,0
178,0.0,110,0,8
178,0.004967451095581055,110,1,0
179,0.0,110,0,8
179,0.004939079284667969,110,1,0
180,0.0,110,0,8
180,0.004855632781982422,110,1,0
181,0.0,110,0,8
181,0.004911184310913086,110,1,0
182,0.0,110,0,8
182,0.004846096038818359,110,1,0
183,0.0,110,0,8
183,0.004906415939331055,110,1,0
184,0.0,110,0,8
184,0.0049021244049072266,110,1,0
185,0.0,110,0,8
185,0.005076169967651367,110,1,0
186,0.0,110,0,8
186,0.004807710647583008,110,1,0
187,0.0,110,0,8
187,0.0048503875732421875,110,1,0
188,0.0,110,0,8
188,0.005650043487548828,110,1,0
189,0.0,110,0,8
189,0.004904270172119141,110,1,0
190,0.0,110,0,8
190,0.005166053771972656,110,1,0
191,0.0,110,0,8
191,0.004852771759033203,110,1,0
192,0.0,110,0,8
192,0.004856109619140625,110,1,0
193,0.0,110,0,8
193,0.004811525344848633,110,1,0
194,0.0,110,0,8
194,0.004949331283569336,110,1,0
195,0.0,110,0,8
195,0.004828453063964844,110,1,0
196,0.0,110,0,8
196,0.0047910213470458984,110,1,0
197,0.0,110,0,8
197,0.004880189895629883,110,1,0
198,0.0,110,0,8
198,0.0048182010650634766,110,1,0
199,0.0,110,0,8
199,0.004918336868286133,110,1,0
200,0.0,110,0,8
200,0.004830121994018555,110,1,0
201,0.0,110,0,8
201,0.004827022552490234,110,1,0
202,0.0,110,0,8
202,0.0048367977142333984,110,1,0
203,0.0,110,0,8
203,0.0047991275787353516,110,1,0
204,0.0,110,0,8
204,0.004915952682495117,110,1,0
205,0.0,110,0,8
205,0.004884243011474609,110,1,0
206,0.0,110,0,8
206,0.004983425140380859,110,1,0
207,0.0,110,0,8
207,0.00510716438293457,110,1,0
208,0.0,110,0,8
208,0.004831075668334961,110,1,0
209,0.0,110,0,8
209,0.004956960678100586,110,1,0
210,0.0,110,0,8
210,0.0049686431884765625,110,1,0
211,0.0,110,0,8
211,0.005130290985107422,110,1,0
212,0.0,110,0,8
212,0.005023479461669922,110,1,0
213,0.0,110,0,8
213,0.004896640777587891,110,1,0
214,0.0,110,0,8
214,0.004825592041015625,110,1,0
215,0.0,110,0,8
215,0.0049707889556884766,110,1,0
216,0.0,110,0,8
216,0.004995107650756836,110,1,0
217,0.0,110,0,8
217,0.004918813705444336,110,1,0
218,0.0,110,0,8
218,0.008428573608398438,110,1,0
219,0.0,110,0,8
219,0.005105733871459961,110,1,0
220,0.0,110,0,8
220,0.005151271820068359,110,1,0
221,0.0,110,0,8
221,0.005129337310791016,110,1,0
222,0.0,110,0,8
222,0.0051271915435791016,110,1,0
223,0.0,110,0,8
223,0.005311727523803711,110,1,0
224,0.0,110,0,8
224,0.005070209503173828,110,1,0
225,0.0,110,0,8
225,0.005131721496582031,110,1,0
226,0.0,110,0,8
226,0.005074024200439453,110,1,0
227,0.0,110,0,8
227,0.0049016475677490234,110,1,0
228,0.0,110,0,8
228,0.005091428756713867,110,1,0
229,0.0,110,0,8
229,0.005081892013549805,110,1,0
230,0.0,110,0,8
230,0.005094051361083984,110,1,0
231,0.0,110,0,8
231,0.005086183547973633,110,1,0
232,0.0,110,0,8
232,0.00511622428894043,110,1,0
233,0.0,110,0,8
233,0.004917144775390625,110,1,0
234,0.0,110,0,8
234,0.004959821701049805,110,1,0
235,0.0,110,0,8
235,0.005242109298706055,110,1,0
236,0.0,110,0,8
236,0.005015134811401367,110,1,0
237,0.0,110,0,8
237,0.005059003829956055,110,1,0
238,0.0,110,0,8
238,0.004782676696777344,110,1,0
239,0.0,110,0,8
239,0.005281209945678711,110,1,0
240,0.0,110,0,8
240,0.004984140396118164,110,1,0
241,0.0,110,0,8
241,0.004943132400512695,110,1,0
242,0.0,110,0,8
242,0.004796266555786133,110,1,0
243,0.0,110,0,8
243,0.004920244216918945,110,1,0
244,0.0,110,0,8
244,0.004815578460693359,110,1,0
245,0.0,110,0,8
245,0.00481104850769043,110,1,0
246,0.0,110,0,8
246,0.004826784133911133,110,1,0
247,0.0,110,0,8
247,0.004862785339355469,110,1,0
248,0.0,110,0,8
248,0.005530357360839844,110,1,0
249,0.0,110,0,8
249,0.0047795772552490234,110,1,0
250,0.0,110,0,8
250,0.0048770904541015625,110,1,0
251,0.0,110,0,8
251,0.004886627197265625,110,1,0
252,0.0,110,0,8
252,0.004891872406005859,110,1,0
253,0.0,110,0,8
253,0.004951953887939453,110,1,0
254,0.0,110,0,8
254,0.0050203800201416016,110,1,0
255,0.0,110,0,8
255,0.004811286926269531,110,1,0
256,0.0,110,0,8
256,0.004770517349243164,110,1,0
257,0.0,110,0,8
257,0.004884004592895508,110,1,0
258,0.0,110,0,8
258,0.004747629165649414,110,1,0
259,0.0,110,0,8
259,0.004899501800537109,110,1,0
260,0.0,110,0,8
260,0.004746913909912109,110,1,0
261,0.0,110,0,8
261,0.004877805709838867,110,1,0
262,0.0,110,0,8
262,0.004826545715332031,110,1,0
263,0.0,110,0,8
263,0.004824161529541016,110,1,0
264,0.0,110,0,8
264,0.004935026168823242,110,1,0
265,0.0,110,0,8
265,0.00483393669128418,110,1,0
266,0.0,110,0,8
266,0.0048065185546875,110,1,0
267,0.0,110,0,8
267,0.004721879959106445,110,1,0
268,0.0,110,0,8
268,0.004822969436645508,110,1,0
269,0.0,110,0,8
269,0.004824399948120117,110,1,0
270,0.0,110,0,8
270,0.0047779083251953125,110,1,0
271,0.0,110,0,8
271,0.0048444271087646484,110,1,0
272,0.0,110,0,8
272,0.0047740936279296875,110,1,0
273,0.0,110,0,8
273,0.00565791130065918,110,1,0
274,0.0,110,0,8
274,0.00482940673828125,110,1,0
275,0.0,110,0,8
275,0.004812479019165039,110,1,0
276,0.0,110,0,8
276,0.00493311882019043,110,1,0
277,0.0,110,0,8
277,0.004903554916381836,110,1,0
278,0.0,110,0,8
278,0.004893064498901367,110,1,0
279,0.0,110,0,8
279,0.004904747009277344,110,1,0
280,0.0,110,0,8
280,0.004909038543701172,110,1,0
281,0.0,110,0,8
281,0.004889726638793945,110,1,0
282,0.0,110,0,8
282,0.0049419403076171875,110,1,0
283,0.0,110,0,8
283,0.005083560943603516,110,1,0
284,0.0,110,0,8
284,0.0048351287841796875,110,1,0
285,0.0,110,0,8
285,0.005130290985107422,110,1,0
286,0.0,110,0,8
286,0.0049974918365478516,110,1,0
287,0.0,110,0,8
287,0.004770994186401367,110,1,0
288,0.0,110,0,8
288,0.005539655685424805,110,1,0
289,0.0,110,0,8
289,0.005410671234130859,110,1,0
290,0.0,110,0,8
290,0.0048830509185791016,110,1,0
291,0.0,110,0,8
291,0.0049097537994384766,110,1,0
292,0.0,110,0,8
292,0.004883766174316406,110,1,0
293,0.0,110,0,8
293,0.004891157150268555,110,1,0
294,0.0,110,0,8
294,0.0049304962158203125,110,1,0
295,0.0,110,0,8
295,0.004792451858520508,110,1,0
296,0.0,110,0,8
296,0.004929780960083008,110,1,0
297,0.0,110,0,8
297,0.004874467849731445,110,1,0
298,0.0,110,0,8
298,0.004921674728393555,110,1,0
299,0.0,110,0,8
299,0.005114316940307617,110,1,0
300,0.0,110,0,8
300,0.004944801330566406,110,1,0
301,0.0,110,0,8
301,0.004747152328491211,110,1,0
302,0.0,110,0,8
302,0.004736423492431641,110,1,0
303,0.0,110,0,8
303,0.004729509353637695,110,1,0
304,0.0,110,0,8
304,0.004797697067260742,110,1,0
305,0.0,110,0,8
305,0.0046787261962890625,110,1,0
306,0.0,110,0,8
306,0.0049245357513427734,110,1,0
307,0.0,110,0,8
307,0.004843711853027344,110,1,0
308,0.0,110,0,8
308,0.00484466552734375,110,1,0
309,0.0,110,0,8
309,0.004787445068359375,110,1,0
310,0.0,110,0,8
310,0.004912137985229492,110,1,0
311,0.0,110,0,8
311,0.011044740676879883,110,1,0
312,0.0,110,0,8
312,0.004833221435546875,110,1,0
313,0.0,110,0,8
313,0.0058176517486572266,110,1,0
314,0.0,110,0,8
314,0.004820823669433594,110,1,0
315,0.0,110,0,8
315,0.004830360412597656,110,1,0
316,0.0,110,0,8
316,0.004819154739379883,110,1,0
317,0.0,110,0,8
317,0.004733562469482422,110,1,0
318,0.0,110,0,8
318,0.0048122406005859375,110,1,0
319,0.0,110,0,8
319,0.004754543304443359,110,1,0
320,0.0,110,0,8
320,0.00482487678527832,110,1,0
321,0.0,110,0,8
321,0.0047986507415771484,110,1,0
322,0.0,110,0,8
322,0.004876852035522461,110,1,0
323,0.0,110,0,8
323,0.004689931869506836,110,1,0
324,0.0,110,0,8
324,0.004731416702270508,110,1,0
325,0.0,110,0,8
325,0.004913806915283203,110,1,0
326,0.0,110,0,8
326,0.00540471076965332,110,1,0
327,0.0,110,0,8
327,0.004740476608276367,110,1,0
328,0.0,110,0,8
328,0.0047910213470458984,110,1,0
329,0.0,110,0,8
329,0.004732847213745117,110,1,0
330,0.0,110,0,8
330,0.004724740982055664,110,1,0
331,0.0,110,0,8
331,0.0048639774322509766,110,1,0
332,0.0,110,0,8
332,0.004645586013793945,110,1,0
333,0.0,110,0,8
333,0.004756450653076172,110,1,0
334,0.0,110,0,8
334,0.0047986507415771484,110,1,0
335,0.0,110,0,8
335,0.0048906803131103516,110,1,0
336,0.0,110,0,8
336,0.005149126052856445,110,1,0
337,0.0,110,0,8
337,0.004941701889038086,110,1,0
338,0.0,110,0,8
338,0.004872322082519531,110,1,0
339,0.0,110,0,8
339,0.004990816116333008,110,1,0
340,0.0,110,0,8
340,0.005904197692871094,110,1,0
341,0.0,110,0,8
341,0.0049169063568115234,110,1,0
342,0.0,110,0,8
342,0.005016803741455078,110,1,0
343,0.0,110,0,8
343,0.004953861236572266,110,1,0
344,0.0,110,0,8
344,0.004942417144775391,110,1,0
345,0.0,110,0,8
345,0.005105495452880859,110,1,0
346,0.0,110,0,8
346,0.0049097537994384766,110,1,0
347,0.0,110,0,8
347,0.009828805923461914,110,1,0
348,0.0,110,0,8
348,0.005093097686767578,110,1,0
349,0.0,110,0,8
349,0.004979610443115234,110,1,0
350,0.0,110,0,8
350,0.005103111267089844,110,1,0
351,0.0,110,0,8
351,0.0050852298736572266,110,1,0
352,0.0,110,0,8
352,0.00540614128112793,110,1,0
353,0.0,110,0,8
353,0.004961729049682617,110,1,0
354,0.0,110,0,8
354,0.00705409049987793,110,1,0
355,0.0,110,0,8
355,0.004955768585205078,110,1,0
356,0.0,110,0,8
356,0.00548100471496582,110,1,0
357,0.0,110,0,8
357,0.005101442337036133,110,1,0
358,0.0,110,0,8
358,0.004982709884643555,110,1,0
359,0.0,110,0,8
359,0.004820346832275391,110,1,0
360,0.0,110,0,8
360,0.004807949066162109,110,1,0
361,0.0,110,0,8
361,0.004841327667236328,110,1,0
362,0.0,110,0,8
362,0.004926204681396484,110,1,0
363,0.0,110,0,8
363,0.006211519241333008,110,1,0
364,0.0,110,0,8
364,0.005654096603393555,110,1,0
365,0.0,110,0,8
365,0.005045175552368164,110,1,0
366,0.0,110,0,8
366,0.005095958709716797,110,1,0
367,0.0,110,0,8
367,0.005173683166503906,110,1,0
368,0.0,110,0,8
368,0.007386445999145508,110,1,0
369,0.0,110,0,8
369,0.004857540130615234,110,1,0
370,0.0,110,0,8
370,0.0048329830169677734,110,1,0
371,0.0,110,0,8
371,0.004769086837768555,110,1,0
372,0.0,110,0,8
372,0.005107879638671875,110,1,0
373,0.0,110,0,8
373,0.0048105716705322266,110,1,0
374,0.0,110,0,8
374,0.005138397216796875,110,1,0
375,0.0,110,0,8
375,0.004826068878173828,110,1,0
376,0.0,110,0,8
376,0.0047075748443603516,110,1,0
377,0.0,110,0,8
377,0.005307435989379883,110,1,0
378,0.0,110,0,8
378,0.008745431900024414,110,1,0
379,0.0,110,0,8
379,0.0051877498626708984,110,1,0
380,0.0,110,0,8
380,0.005166053771972656,110,1,0
381,0.0,110,0,8
381,0.004860401153564453,110,1,0
382,0.0,110,0,8
382,0.004796266555786133,110,1,0
383,0.0,110,0,8
383,0.005046844482421875,110,1,0
384,0.0,110,0,8
384,0.004823923110961914,110,1,0
385,0.0,110,0,8
385,0.004987239837646484,110,1,0
386,0.0,110,0,8
386,0.0060787200927734375,110,1,0
387,0.0,110,0,8
387,0.004793882369995117,110,1,0
388,0.0,110,0,8
388,0.005063056945800781,110,1,0
389,0.0,110,0,8
389,0.004843950271606445,110,1,0
390,0.0,110,0,8
390,0.005047321319580078,110,1,0
391,0.0,110,0,8
391,0.004664897918701172,110,1,0
392,0.0,110,0,8
392,0.004782438278198242,110,1,0
393,0.0,110,0,8
393,0.004783153533935547,110,1,0
394,0.0,110,0,8
394,0.004767417907714844,110,1,0
395,0.0,110,0,8
395,0.004801750183105469,110,1,0
396,0.0,110,0,8
396,0.004681587219238281,110,1,0
397,0.0,110,0,8
397,0.004753589630126953,110,1,0
398,0.0,110,0,8
398,0.004786014556884766,110,1,0
399,0.0,110,0,8
399,0.004770517349243164,110,1,0
400,0.0,110,0,8
400,0.0048792362213134766,110,1,0
401,0.0,110,0,8
401,0.004789113998413086,110,1,0
402,0.0,110,0,8
402,0.0047130584716796875,110,1,0
403,0.0,110,0,8
403,0.004969358444213867,110,1,0
404,0.0,110,0,8
404,0.00513148307800293,110,1,0
405,0.0,110,0,8
405,0.005632638931274414,110,1,0
406,0.0,110,0,8
406,0.004733085632324219,110,1,0
407,0.0,110,0,8
407,0.004752397537231445,110,1,0
408,0.0,110,0,8
408,0.0046863555908203125,110,1,0
409,0.0,110,0,8
409,0.004675388336181641,110,1,0
410,0.0,110,0,8
410,0.006202220916748047,110,1,0
411,0.0,110,0,8
411,0.00466465950012207,110,1,0
412,0.0,110,0,8
412,0.005051136016845703,110,1,0
413,0.0,110,0,8
413,0.0050237178802490234,110,1,0
414,0.0,110,0,8
414,0.0049419403076171875,110,1,0
415,0.0,110,0,8
415,0.006770610809326172,110,1,0
416,0.0,110,0,8
416,0.0049076080322265625,110,1,0
417,0.0,110,0,8
417,0.004838228225708008,110,1,0
418,0.0,110,0,8
418,0.004876613616943359,110,1,0
419,0.0,110,0,8
419,0.0047817230224609375,110,1,0
420,0.0,110,0,8
420,0.0048372745513916016,110,1,0
421,0.0,110,0,8
421,0.006037712097167969,110,1,0
422,0.0,110,0,8
422,0.004959821701049805,110,1,0
423,0.0,110,0,8
423,0.004945278167724609,110,1,0
424,0.0,110,0,8
424,0.004780292510986328,110,1,0
425,0.0,110,0,8
425,0.004968404769897461,110,1,0
426,0.0,110,0,8
426,0.004835844039916992,110,1,0
427,0.0,110,0,8
427,0.0048487186431884766,110,1,0
428,0.0,110,0,8
428,0.004916191101074219,110,1,0
429,0.0,110,0,8
429,0.004981279373168945,110,1,0
430,0.0,110,0,8
430,0.004910707473754883,110,1,0
431,0.0,110,0,8
431,0.004758358001708984,110,1,0
432,0.0,110,0,8
432,0.004925727844238281,110,1,0
433,0.0,110,0,8
433,0.004815816879272461,110,1,0
434,0.0,110,0,8
434,0.004866123199462891,110,1,0
435,0.0,110,0,8
435,0.0049555301666259766,110,1,0
436,0.0,110,0,8
436,0.004976749420166016,110,1,0
437,0.0,110,0,8
437,0.0049974918365478516,110,1,0
438,0.0,110,0,8
438,0.004964113235473633,110,1,0
439,0.0,110,0,8
439,0.004790306091308594,110,1,0
440,0.0,110,0,8
440,0.004830837249755859,110,1,0
441,0.0,110,0,8
441,0.0047533512115478516,110,1,0
442,0.0,110,0,8
442,0.009863615036010742,110,1,0
443,0.0,110,0,8
443,0.004828453063964844,110,1,0
444,0.0,110,0,8
444,0.004821062088012695,110,1,0
445,0.0,110,0,8
445,0.0048220157623291016,110,1,0
446,0.0,110,0,8
446,0.004911899566650391,110,1,0
447,0.0,110,0,8
447,0.0048007965087890625,110,1,0
448,0.0,110,0,8
448,0.004860639572143555,110,1,0
449,0.0,110,0,8
449,0.004780769348144531,110,1,0
450,0.0,110,0,8
450,0.005048990249633789,110,1,0
451,0.0,110,0,8
451,0.004859447479248047,110,1,0
452,0.0,110,0,8
452,0.004627704620361328,110,1,0
453,0.0,110,0,8
453,0.0046634674072265625,110,1,0
454,0.0,110,0,8
454,0.00471043586730957,110,1,0
455,0.0,110,0,8
455,0.004703044891357422,110,1,0
456,0.0,110,0,8
456,0.004654407501220703,110,1,0
457,0.0,110,0,8
457,0.004791975021362305,110,1,0
458,0.0,110,0,8
458,0.004823923110961914,110,1,0
459,0.0,110,0,8
459,0.0048675537109375,110,1,0
460,0.0,110,0,8
460,0.004968166351318359,110,1,0
461,0.0,110,0,8
461,0.004786968231201172,110,1,0
462,0.0,110,0,8
462,0.0048029422760009766,110,1,0
463,0.0,110,0,8
463,0.004839658737182617,110,1,0
464,0.0,110,0,8
464,0.10222005844116211,110,1,0
465,0.0,110,0,8
465,0.005757331848144531,110,1,0
466,0.0,110,0,8
466,0.004868268966674805,110,1,0
467,0.0,110,0,8
467,0.004854679107666016,110,1,0
468,0.0,110,0,8
468,0.004828929901123047,110,1,0
469,0.0,110,0,8
469,0.0045719146728515625,110,1,0
470,0.0,110,0,8
470,0.004737377166748047,110,1,0
471,0.0,110,0,8
471,0.004878997802734375,110,1,0
472,0.0,110,0,8
472,0.004831075668334961,110,1,0
473,0.0,110,0,8
473,0.004883527755737305,110,1,0
474,0.0,110,0,8
474,0.0048618316650390625,110,1,0
475,0.0,110,0,8
475,0.0048329830169677734,110,1,0
476,0.0,110,0,8
476,0.004833698272705078,110,1,0
477,0.0,110,0,8
477,0.00471949577331543,110,1,0
478,0.0,110,0,8
478,0.004853963851928711,110,1,0
479,0.0,110,0,8
479,0.004904985427856445,110,1,0
480,0.0,110,0,8
480,0.005058765411376953,110,1,0
481,0.0,110,0,8
481,0.006522655487060547,110,1,0
482,0.0,110,0,8
482,0.004752159118652344,110,1,0
483,0.0,110,0,8
483,0.004809856414794922,110,1,0
484,0.0,110,0,8
484,0.004888057708740234,110,1,0
485,0.0,110,0,8
485,0.0051174163818359375,110,1,0
486,0.0,110,0,8
486,0.004934072494506836,110,1,0
487,0.0,110,0,8
487,0.004925727844238281,110,1,0
488,0.0,110,0,8
488,0.004896640777587891,110,1,0
489,0.0,110,0,8
489,0.004994630813598633,110,1,0
490,0.0,110,0,8
490,0.005111217498779297,110,1,0
491,0.0,110,0,8
491,0.004821062088012695,110,1,0
492,0.0,110,0,8
492,0.00480341911315918,110,1,0
493,0.0,110,0,8
493,0.005978584289550781,110,1,0
494,0.0,110,0,8
494,0.004826545715332031,110,1,0
495,0.0,110,0,8
495,0.004868984222412109,110,1,0
496,0.0,110,0,8
496,0.004854917526245117,110,1,0
497,0.0,110,0,8
497,0.0048139095306396484,110,1,0
498,0.0,110,0,8
498,0.004765748977661133,110,1,0
499,0.0,110,0,8
499,0.004754066467285156,110,1,0
500,0.0,110,0,8
500,0.004883527755737305,110,1,0
501,0.0,110,0,8
501,0.004804849624633789,110,1,0
502,0.0,110,0,8
502,0.004797220230102539,110,1,0
503,0.0,110,0,8
503,0.0048792362213134766,110,1,0
504,0.0,110,0,8
504,0.004724740982055664,110,1,0
505,0.0,110,0,8
505,0.004656314849853516,110,1,0
506,0.0,110,0,8
506,0.004677295684814453,110,1,0
507,0.0,110,0,8
507,0.0046007633209228516,110,1,0
508,0.0,110,0,8
508,0.004664421081542969,110,1,0
509,0.0,110,0,8
509,0.0048711299896240234,110,1,0
510,0.0,110,0,8
510,0.004762411117553711,110,1,0
511,0.0,110,0,8
511,0.004660129547119141,110,1,0
512,0.0,110,0,8
512,0.004700660705566406,110,1,0
513,0.0,110,0,8
513,0.004773855209350586,110,1,0
514,0.0,110,0,8
514,0.004744768142700195,110,1,0
515,0.0,110,0,8
515,0.004781961441040039,110,1,0
516,0.0,110,0,8
516,0.004709720611572266,110,1,0
517,0.0,110,0,8
517,0.004600048065185547,110,1,0
518,0.0,110,0,8
518,0.004765748977661133,110,1,0
519,0.0,110,0,8
519,0.0047435760498046875,110,1,0
520,0.0,110,0,8
520,0.0047454833984375,110,1,0
521,0.0,110,0,8
521,0.00469660758972168,110,1,0
522,0.0,110,0,8
522,0.00485992431640625,110,1,0
523,0.0,110,0,8
523,0.004794120788574219,110,1,0
524,0.0,110,0,8
524,0.004747867584228516,110,1,0
525,0.0,110,0,8
525,0.004814624786376953,110,1,0
526,0.0,110,0,8
526,0.005098581314086914,110,1,0
527,0.0,110,0,8
527,0.004876613616943359,110,1,0
528,0.0,110,0,8
528,0.00498652458190918,110,1,0
529,0.0,110,0,8
529,0.00479888916015625,110,1,0
530,0.0,110,0,8
530,0.004896402359008789,110,1,0
531,0.0,110,0,8
531,0.004995584487915039,110,1,0
532,0.0,110,0,8
532,0.004872322082519531,110,1,0
533,0.0,110,0,8
533,0.004918098449707031,110,1,0
534,0.0,110,0,8
534,0.004835844039916992,110,1,0
535,0.0,110,0,8
535,0.004768848419189453,110,1,0
536,0.0,110,0,8
536,0.004689693450927734,110,1,0
537,0.0,110,0,8
537,0.004784345626831055,110,1,0
538,0.0,110,0,8
538,0.004788398742675781,110,1,0
539,0.0,110,0,8
539,0.004815340042114258,110,1,0
540,0.0,110,0,8
540,0.004854440689086914,110,1,0
541,0.0,110,0,8
541,0.004836320877075195,110,1,0
542,0.0,110,0,8
542,0.004748106002807617,110,1,0
543,0.0,110,0,8
543,0.004708766937255859,110,1,0
544,0.0,110,0,8
544,0.004842519760131836,110,1,0
545,0.0,110,0,8
545,0.004919767379760742,110,1,0
546,0.0,110,0,8
546,0.00485539436340332,110,1,0
547,0.0,110,0,8
547,0.0050203800201416016,110,1,0
548,0.0,110,0,8
548,0.004798173904418945,110,1,0
549,0.0,110,0,8
549,0.004824161529541016,110,1,0
550,0.0,110,0,8
550,0.00479888916015625,110,1,0
551,0.0,110,0,8
551,0.004847526550292969,110,1,0
552,0.0,110,0,8
552,0.0047550201416015625,110,1,0
553,0.0,110,0,8
553,0.0048675537109375,110,1,0
554,0.0,110,0,8
554,0.006135463714599609,110,1,0
555,0.0,110,0,8
555,0.004928112030029297,110,1,0
556,0.0,110,0,8
556,0.004681587219238281,110,1,0
557,0.0,110,0,8
557,0.0052754878997802734,110,1,0
558,0.0,110,0,8
558,0.004753589630126953,110,1,0
559,0.0,110,0,8
559,0.004905223846435547,110,1,0
560,0.0,110,0,8
560,0.0049173831939697266,110,1,0
561,0.0,110,0,8
561,0.004835844039916992,110,1,0
562,0.0,110,0,8
562,0.004785299301147461,110,1,0
563,0.0,110,0,8
563,0.006116151809692383,110,1,0
564,0.0,110,0,8
564,0.004858493804931641,110,1,0
565,0.0,110,0,8
565,0.004628896713256836,110,1,0
566,0.0,110,0,8
566,0.0047512054443359375,110,1,0
567,0.0,110,0,8
567,0.004731178283691406,110,1,0
568,0.0,110,0,8
568,0.004701852798461914,110,1,0
569,0.0,110,0,8
569,0.00466609001159668,110,1,0
570,0.0,110,0,8
570,0.004683494567871094,110,1,0
571,0.0,110,0,8
571,0.004965305328369141,110,1,0
572,0.0,110,0,8
572,0.0046961307525634766,110,1,0
573,0.0,110,0,8
573,0.004717111587524414,110,1,0
574,0.0,110,0,8
574,0.0047495365142822266,110,1,0
575,0.0,110,0,8
575,0.004681825637817383,110,1,0
576,0.0,110,0,8
576,0.004717826843261719,110,1,0
577,0.0,110,0,8
577,0.004656553268432617,110,1,0
578,0.0,110,0,8
578,0.0046770572662353516,110,1,0
579,0.0,110,0,8
579,0.004633665084838867,110,1,0
580,0.0,110,0,8
580,0.004864215850830078,110,1,0
581,0.0,110,0,8
581,0.004747629165649414,110,1,0
582,0.0,110,0,8
582,0.004667758941650391,110,1,0
583,0.0,110,0,8
583,0.004759788513183594,110,1,0
584,0.0,110,0,8
584,0.004621982574462891,110,1,0
585,0.0,110,0,8
585,0.004640340805053711,110,1,0
586,0.0,110,0,8
586,0.0048029422760009766,110,1,0
587,0.0,110,0,8
587,0.004818916320800781,110,1,0
588,0.0,110,0,8
588,0.004620552062988281,110,1,0
589,0.0,110,0,8
589,0.00632929801940918,110,1,0
590,0.0,110,0,8
590,0.004944324493408203,110,1,0
591,0.0,110,0,8
591,0.005022525787353516,110,1,0
592,0.0,110,0,8
592,0.004795074462890625,110,1,0
593,0.0,110,0,8
593,0.004825115203857422,110,1,0
594,0.0,110,0,8
594,0.004818439483642578,110,1,0
595,0.0,110,0,8
595,0.005064964294433594,110,1,0
596,0.0,110,0,8
596,0.0050890445709228516,110,1,0
597,0.0,110,0,8
597,0.0061724185943603516,110,1,0
598,0.0,110,0,8
598,0.009276390075683594,110,1,0
599,0.0,110,0,8
599,0.004983425140380859,110,1,0
600,0.0,110,0,8
600,0.005036354064941406,110,1,0
601,0.0,110,0,8
601,0.004807472229003906,110,1,0
602,0.0,110,0,8
602,0.004849672317504883,110,1,0
603,0.0,110,0,8
603,0.004983186721801758,110,1,0
604,0.0,110,0,8
604,0.0049207210540771484,110,1,0
605,0.0,110,0,8
605,0.004991292953491211,110,1,0
606,0.0,110,0,8
606,0.0049097537994384766,110,1,0
607,0.0,110,0,8
607,0.0048580169677734375,110,1,0
608,0.0,110,0,8
608,0.0048847198486328125,110,1,0
609,0.0,110,0,8
609,0.004798412322998047,110,1,0
610,0.0,110,0,8
610,0.0049288272857666016,110,1,0
611,0.0,110,0,8
611,0.0049364566802978516,110,1,0
612,0.0,110,0,8
612,0.004828691482543945,110,1,0
613,0.0,110,0,8
613,0.005027055740356445,110,1,0
614,0.0,110,0,8
614,0.0050542354583740234,110,1,0
615,0.0,110,0,8
615,0.006261110305786133,110,1,0
616,0.0,110,0,8
616,0.004955768585205078,110,1,0
617,0.0,110,0,8
617,0.004883766174316406,110,1,0
618,0.0,110,0,8
618,0.004930019378662109,110,1,0
619,0.0,110,0,8
619,0.004949331283569336,110,1,0
620,0.0,110,0,8
620,0.005115509033203125,110,1,0
621,0.0,110,0,8
621,0.005007028579711914,110,1,0
622,0.0,110,0,8
622,0.004956960678100586,110,1,0
623,0.0,110,0,8
623,0.004930973052978516,110,1,0
624,0.0,110,0,8
624,0.005051612854003906,110,1,0
625,0.0,110,0,8
625,0.0048007965087890625,110,1,0
626,0.0,110,0,8
626,0.004833221435546875,110,1,0
627,0.0,110,0,8
627,0.00485992431640625,110,1,0
628,0.0,110,0,8
628,0.0050356388092041016,110,1,0
629,0.0,110,0,8
629,0.0048923492431640625,110,1,0
630,0.0,110,0,8
630,0.004925251007080078,110,1,0
631,0.0,110,0,8
631,0.004811525344848633,110,1,0
632,0.0,110,0,8
632,0.0050046443939208984,110,1,0
633,0.0,110,0,8
633,0.004748344421386719,110,1,0
634,0.0,110,0,8
634,0.004745960235595703,110,1,0
635,0.0,110,0,8
635,0.004843473434448242,110,1,0
636,0.0,110,0,8
636,0.004807949066162109,110,1,0
637,0.0,110,0,8
637,0.004766702651977539,110,1,0
638,0.0,110,0,8
638,0.004716157913208008,110,1,0
639,0.0,110,0,8
639,0.00513458251953125,110,1,0
640,0.0,110,0,8
640,0.004992246627807617,110,1,0
641,0.0,110,0,8
641,0.004853010177612305,110,1,0
642,0.0,110,0,8
642,0.0048902034759521484,110,1,0
643,0.0,110,0,8
643,0.004719257354736328,110,1,0
644,0.0,110,0,8
644,0.004837989807128906,110,1,0
645,0.0,110,0,8
645,0.004801511764526367,110,1,0
646,0.0,110,0,8
646,0.004883766174316406,110,1,0
647,0.0,110,0,8
647,0.0048215389251708984,110,1,0
648,0.0,110,0,8
648,0.0050089359283447266,110,1,0
649,0.0,110,0,8
649,0.005044698715209961,110,1,0
650,0.0,110,0,8
650,0.004995584487915039,110,1,0
651,0.0,110,0,8
651,0.005094051361083984,110,1,0
652,0.0,110,0,8
652,0.005034208297729492,110,1,0
653,0.0,110,0,8
653,0.012984752655029297,110,1,0
654,0.0,110,0,8
654,0.00497746467590332,110,1,0
655,0.0,110,0,8
655,0.004983186721801758,110,1,0
656,0.0,110,0,8
656,0.004974365234375,110,1,0
657,0.0,110,0,8
657,0.004945039749145508,110,1,0
658,0.0,110,0,8
658,0.0047719478607177734,110,1,0
659,0.0,110,0,8
659,0.005020856857299805,110,1,0
660,0.0,110,0,8
660,0.004903316497802734,110,1,0
661,0.0,110,0,8
661,0.004962921142578125,110,1,0
662,0.0,110,0,8
662,0.005064725875854492,110,1,0
663,0.0,110,0,8
663,0.006116390228271484,110,1,0
664,0.0,110,0,8
664,0.0049571990966796875,110,1,0
665,0.0,110,0,8
665,0.004762172698974609,110,1,0
666,0.0,110,0,8
666,0.005466938018798828,110,1,0
667,0.0,110,0,8
667,0.005007505416870117,110,1,0
668,0.0,110,0,8
668,0.004959583282470703,110,1,0
669,0.0,110,0,8
669,0.0050313472747802734,110,1,0
670,0.0,110,0,8
670,0.005039691925048828,110,1,0
671,0.0,110,0,8
671,0.0050542354583740234,110,1,0
672,0.0,110,0,8
672,0.004902362823486328,110,1,0
673,0.0,110,0,8
673,0.004912137985229492,110,1,0
674,0.0,110,0,8
674,0.004942417144775391,110,1,0
675,0.0,110,0,8
675,0.3112766742706299,110,1,0
676,0.0,110,0,8
676,0.00486302375793457,110,1,0
677,0.0,110,0,8
677,0.004697084426879883,110,1,0
678,0.0,110,0,8
678,0.0049533843994140625,110,1,0
679,0.0,110,0,8
679,0.457442045211792,110,1,0
680,0.0,110,0,8
680,0.2061011791229248,110,1,0
681,0.0,110,0,8
681,0.00497126579284668,110,1,0
682,0.0,110,0,8
682,0.005060911178588867,110,1,0
683,0.0,110,0,8
683,0.004942417144775391,110,1,0
684,0.0,110,0,8
684,0.004912376403808594,110,1,0
685,0.0,110,0,8
685,0.004785776138305664,110,1,0
686,0.0,110,0,8
686,0.004775047302246094,110,1,0
687,0.0,110,0,8
687,0.00475764274597168,110,1,0
688,0.0,110,0,8
688,0.005900144577026367,110,1,0
689,0.0,110,0,8
689,0.0048482418060302734,110,1,0
690,0.0,110,0,8
690,0.0047473907470703125,110,1,0
691,0.0,110,0,8
691,0.004807710647583008,110,1,0
692,0.0,110,0,8
692,0.004777431488037109,110,1,0
693,0.0,110,0,8
693,0.004782438278198242,110,1,0
694,0.0,110,0,8
694,0.004763364791870117,110,1,0
695,0.0,110,0,8
695,0.004730701446533203,110,1,0
696,0.0,110,0,8
696,0.0046656131744384766,110,1,0
697,0.0,110,0,8
697,0.0048291683197021484,110,1,0
698,0.0,110,0,8
698,0.0047779083251953125,110,1,0
699,0.0,110,0,8
699,0.004773378372192383,110,1,0
700,0.0,110,0,8
700,0.0047130584716796875,110,1,0
701,0.0,110,0,8
701,0.004792690277099609,110,1,0
702,0.0,110,0,8
702,0.0047457218170166016,110,1,0
703,0.0,110,0,8
703,0.004732847213745117,110,1,0
704,0.0,110,0,8
704,0.004769802093505859,110,1,0
705,0.0,110,0,8
705,0.00485992431640625,110,1,0
706,0.0,110,0,8
706,0.004858970642089844,110,1,0
707,0.0,110,0,8
707,0.0048236846923828125,110,1,0
708,0.0,110,0,8
708,0.004933595657348633,110,1,0
709,0.0,110,0,8
709,0.005015373229980469,110,1,0
710,0.0,110,0,8
710,0.004937887191772461,110,1,0
711,0.0,110,0,8
711,0.004876852035522461,110,1,0
712,0.0,110,0,8
712,0.004846811294555664,110,1,0
713,0.0,110,0,8
713,0.0048122406005859375,110,1,0
714,0.0,110,0,8
714,0.0048635005950927734,110,1,0
715,0.0,110,0,8
715,0.005497455596923828,110,1,0
716,0.0,110,0,8
716,0.0049626827239990234,110,1,0
717,0.0,110,0,8
717,0.004685163497924805,110,1,0
718,0.0,110,0,8
718,0.005343437194824219,110,1,0
719,0.0,110,0,8
719,0.004849910736083984,110,1,0
720,0.0,110,0,8
720,0.004971742630004883,110,1,0
721,0.0,110,0,8
721,0.004900455474853516,110,1,0
722,0.0,110,0,8
722,0.005032062530517578,110,1,0
723,0.0,110,0,8
723,0.0049724578857421875,110,1,0
724,0.0,110,0,8
724,0.005034685134887695,110,1,0
725,0.0,110,0,8
725,0.004826545715332031,110,1,0
726,0.0,110,0,8
726,0.005057334899902344,110,1,0
727,0.0,110,0,8
727,0.004982709884643555,110,1,0
728,0.0,110,0,8
728,0.004984140396118164,110,1,0
729,0.0,110,0,8
729,0.004920244216918945,110,1,0
730,0.0,110,0,8
730,0.004661083221435547,110,1,0
731,0.0,110,0,8
731,0.010722637176513672,110,1,0
732,0.0,110,0,8
732,0.0048732757568359375,110,1,0
733,0.0,110,0,8
733,0.0051229000091552734,110,1,0
734,0.0,110,0,8
734,0.0049054622650146484,110,1,0
735,0.0,110,0,8
735,0.004873752593994141,110,1,0
736,0.0,110,0,8
736,0.004851818084716797,110,1,0
737,0.0,110,0,8
737,0.004963397979736328,110,1,0
738,0.0,110,0,8
738,0.004960536956787109,110,1,0
739,0.0,110,0,8
739,0.004935741424560547,110,1,0
740,0.0,110,0,8
740,0.004916667938232422,110,1,0
741,0.0,110,0,8
741,0.0048902034759521484,110,1,0
742,0.0,110,0,8
742,0.004892826080322266,110,1,0
743,0.0,110,0,8
743,0.0047245025634765625,110,1,0
744,0.0,110,0,8
744,0.004867076873779297,110,1,0
745,0.0,110,0,8
745,0.0048449039459228516,110,1,0
746,0.0,110,0,8
746,0.004748106002807617,110,1,0
747,0.0,110,0,8
747,0.004750490188598633,110,1,0
748,0.0,110,0,8
748,0.00494384765625,110,1,0
749,0.0,110,0,8
749,0.0047948360443115234,110,1,0
750,0.0,110,0,8
750,0.004690647125244141,110,1,0
751,0.0,110,0,8
751,0.004820346832275391,110,1,0
752,0.0,110,0,8
752,0.004678964614868164,110,1,0
753,0.0,110,0,8
753,0.004838705062866211,110,1,0
754,0.0,110,0,8
754,0.0047070980072021484,110,1,0
755,0.0,110,0,8
755,0.004755973815917969,110,1,0
756,0.0,110,0,8
756,0.004727363586425781,110,1,0
757,0.0,110,0,8
757,0.004654884338378906,110,1,0
758,0.0,110,0,8
758,0.0047223567962646484,110,1,0
759,0.0,110,0,8
759,0.004968881607055664,110,1,0
760,0.0,110,0,8
760,0.0048220157623291016,110,1,0
761,0.0,110,0,8
761,0.004665374755859375,110,1,0
762,0.0,110,0,8
762,0.004731893539428711,110,1,0
763,0.0,110,0,8
763,0.004691362380981445,110,1,0
764,0.0,110,0,8
764,0.004645347595214844,110,1,0
765,0.0,110,0,8
765,0.004820585250854492,110,1,0
766,0.0,110,0,8
766,0.004812955856323242,110,1,0
767,0.0,110,0,8
767,0.004797458648681641,110,1,0
768,0.0,110,0,8
768,0.0048487186431884766,110,1,0
769,0.0,110,0,8
769,0.004998683929443359,110,1,0
770,0.0,110,0,8
770,0.004815101623535156,110,1,0
771,0.0,110,0,8
771,0.004804849624633789,110,1,0
772,0.0,110,0,8
772,0.004677534103393555,110,1,0
773,0.0,110,0,8
773,0.004742622375488281,110,1,0
774,0.0,110,0,8
774,0.004853010177612305,110,1,0
775,0.0,110,0,8
775,0.00483393669128418,110,1,0
776,0.0,110,0,8
776,0.004746913909912109,110,1,0
777,0.0,110,0,8
777,0.004816770553588867,110,1,0
778,0.0,110,0,8
778,0.0049343109130859375,110,1,0
779,0.0,110,0,8
779,0.004845380783081055,110,1,0
780,0.0,110,0,8
780,0.004899263381958008,110,1,0
781,0.0,110,0,8
781,0.004935026168823242,110,1,0
782,0.0,110,0,8
782,0.004860639572143555,110,1,0
783,0.0,110,0,8
783,0.0047757625579833984,110,1,0
784,0.0,110,0,8
784,0.005171537399291992,110,1,0
785,0.0,110,0,8
785,0.005113124847412109,110,1,0
786,0.0,110,0,8
786,0.0048482418060302734,110,1,0
787,0.0,110,0,8
787,0.0050241947174072266,110,1,0
788,0.0,110,0,8
788,0.004790782928466797,110,1,0
789,0.0,110,0,8
789,0.00505518913269043,110,1,0
790,0.0,110,0,8
790,0.00509333610534668,110,1,0
791,0.0,110,0,8
791,0.005009889602661133,110,1,0
792,0.0,110,0,8
792,0.004906654357910156,110,1,0
793,0.0,110,0,8
793,0.005088090896606445,110,1,0
794,0.0,110,0,8
794,0.006231069564819336,110,1,0
795,0.0,110,0,8
795,0.004860639572143555,110,1,0
796,0.0,110,0,8
796,0.005005359649658203,110,1,0
797,0.0,110,0,8
797,0.0049097537994384766,110,1,0
798,0.0,110,0,8
798,0.004813194274902344,110,1,0
799,0.0,110,0,8
799,0.004778623580932617,110,1,0
800,0.0,110,0,8
800,0.005010128021240234,110,1,0
801,0.0,110,0,8
801,0.004883527755737305,110,1,0
802,0.0,110,0,8
802,0.005072593688964844,110,1,0
803,0.0,110,0,8
803,0.004965782165527344,110,1,0
804,0.0,110,0,8
804,0.004914760589599609,110,1,0
805,0.0,110,0,8
805,0.004742145538330078,110,1,0
806,0.0,110,0,8
806,0.004780769348144531,110,1,0
807,0.0,110,0,8
807,0.004679441452026367,110,1,0
808,0.0,110,0,8
808,0.004721164703369141,110,1,0
809,0.0,110,0,8
809,0.0047953128814697266,110,1,0
810,0.0,110,0,8
810,0.004929780960083008,110,1,0
811,0.0,110,0,8
811,0.004821062088012695,110,1,0
812,0.0,110,0,8
812,0.004807233810424805,110,1,0
813,0.0,110,0,8
813,0.0047991275787353516,110,1,0
814,0.0,110,0,8
814,0.004652500152587891,110,1,0
815,0.0,110,0,8
815,0.004640102386474609,110,1,0
816,0.0,110,0,8
816,0.004673957824707031,110,1,0
817,0.0,110,0,8
817,0.004759550094604492,110,1,0
818,0.0,110,0,8
818,0.004803895950317383,110,1,0
819,0.0,110,0,8
819,0.00482630729675293,110,1,0
820,0.0,110,0,8
820,0.004812717437744141,110,1,0
821,0.0,110,0,8
821,0.004670143127441406,110,1,0
822,0.0,110,0,8
822,0.005919933319091797,110,1,0
823,0.0,110,0,8
823,0.004739522933959961,110,1,0
824,0.0,110,0,8
824,0.00474095344543457,110,1,0
825,0.0,110,0,8
825,0.005022525787353516,110,1,0
826,0.0,110,0,8
826,0.0048372745513916016,110,1,0
827,0.0,110,0,8
827,0.0050466060638427734,110,1,0
828,0.0,110,0,8
828,0.004774332046508789,110,1,0
829,0.0,110,0,8
829,0.004864931106567383,110,1,0
830,0.0,110,0,8
830,0.0048215389251708984,110,1,0
831,0.0,110,0,8
831,0.004790782928466797,110,1,0
832,0.0,110,0,8
832,0.004827737808227539,110,1,0
833,0.0,110,0,8
833,0.00494384765625,110,1,0
834,0.0,110,0,8
834,0.0048503875732421875,110,1,0
835,0.0,110,0,8
835,0.004828453063964844,110,1,0
836,0.0,110,0,8
836,0.0050373077392578125,110,1,0
837,0.0,110,0,8
837,0.0048732757568359375,110,1,0
838,0.0,110,0,8
838,0.004889011383056641,110,1,0
839,0.0,110,0,8
839,0.005257368087768555,110,1,0
840,0.0,110,0,8
840,0.004919767379760742,110,1,0
841,0.0,110,0,8
841,0.004935503005981445,110,1,0
842,0.0,110,0,8
842,0.0049571990966796875,110,1,0
843,0.0,110,0,8
843,0.0049076080322265625,110,1,0
844,0.0,110,0,8
844,0.00487208366394043,110,1,0
845,0.0,110,0,8
845,0.004842281341552734,110,1,0
846,0.0,110,0,8
846,0.005030632019042969,110,1,0
847,0.0,110,0,8
847,0.004721164703369141,110,1,0
848,0.0,110,0,8
848,0.004807949066162109,110,1,0
849,0.0,110,0,8
849,0.0048563480377197266,110,1,0
850,0.0,110,0,8
850,0.004913806915283203,110,1,0
851,0.0,110,0,8
851,0.004860639572143555,110,1,0
852,0.0,110,0,8
852,0.00489354133605957,110,1,0
853,0.0,110,0,8
853,0.005041599273681641,110,1,0
854,0.0,110,0,8
854,0.004917621612548828,110,1,0
855,0.0,110,0,8
855,0.004945039749145508,110,1,0
856,0.0,110,0,8
856,0.0051348209381103516,110,1,0
857,0.0,110,0,8
857,0.005183696746826172,110,1,0
858,0.0,110,0,8
858,0.004878044128417969,110,1,0
859,0.0,110,0,8
859,0.004851102828979492,110,1,0
860,0.0,110,0,8
860,0.004912614822387695,110,1,0
861,0.0,110,0,8
861,0.00473785400390625,110,1,0
862,0.0,110,0,8
862,0.004796504974365234,110,1,0
863,0.0,110,0,8
863,0.0049440860748291016,110,1,0
864,0.0,110,0,8
864,0.007101535797119141,110,1,0
865,0.0,110,0,8
865,0.005236625671386719,110,1,0
866,0.0,110,0,8
866,0.004930019378662109,110,1,0
867,0.0,110,0,8
867,0.0048329830169677734,110,1,0
868,0.0,110,0,8
868,0.007719516754150391,110,1,0
869,0.0,110,0,8
869,0.004898786544799805,110,1,0
870,0.0,110,0,8
870,0.004883289337158203,110,1,0
871,0.0,110,0,8
871,0.004793405532836914,110,1,0
872,0.0,110,0,8
872,0.0049381256103515625,110,1,0
873,0.0,110,0,8
873,0.004923343658447266,110,1,0
874,0.0,110,0,8
874,0.004762411117553711,110,1,0
875,0.0,110,0,8
875,0.00474095344543457,110,1,0
876,0.0,110,0,8
876,0.0048847198486328125,110,1,0
877,0.0,110,0,8
877,0.005890607833862305,110,1,0
878,0.0,110,0,8
878,0.004836082458496094,110,1,0
879,0.0,110,0,8
879,0.004799842834472656,110,1,0
880,0.0,110,0,8
880,0.005008220672607422,110,1,0
881,0.0,110,0,8
881,0.0048868656158447266,110,1,0
882,0.0,110,0,8
882,0.005358457565307617,110,1,0
883,0.0,110,0,8
883,0.004736661911010742,110,1,0
884,0.0,110,0,8
884,0.004883527755737305,110,1,0
885,0.0,110,0,8
885,0.004968404769897461,110,1,0
886,0.0,110,0,8
886,0.005070924758911133,110,1,0
887,0.0,110,0,8
887,0.004927396774291992,110,1,0
888,0.0,110,0,8
888,0.004945278167724609,110,1,0
889,0.0,110,0,8
889,0.004995107650756836,110,1,0
890,0.0,110,0,8
890,0.005015134811401367,110,1,0
891,0.0,110,0,8
891,0.004983663558959961,110,1,0
892,0.0,110,0,8
892,0.004949092864990234,110,1,0
893,0.0,110,0,8
893,0.0048847198486328125,110,1,0
894,0.0,110,0,8
894,0.0049326419830322266,110,1,0
895,0.0,110,0,8
895,0.0049550533294677734,110,1,0
896,0.0,110,0,8
896,0.004963397979736328,110,1,0
897,0.0,110,0,8
897,0.00492095947265625,110,1,0
898,0.0,110,0,8
898,0.0054607391357421875,110,1,0
899,0.0,110,0,8
899,0.005003690719604492,110,1,0
900,0.0,110,0,8
900,0.0050089359283447266,110,1,0
901,0.0,110,0,8
901,0.005037069320678711,110,1,0
902,0.0,110,0,8
902,0.004974842071533203,110,1,0
903,0.0,110,0,8
903,0.004979610443115234,110,1,0
904,0.0,110,0,8
904,0.005117654800415039,110,1,0
905,0.0,110,0,8
905,0.005133867263793945,110,1,0
906,0.0,110,0,8
906,0.004998683929443359,110,1,0
907,0.0,110,0,8
907,0.005095958709716797,110,1,0
908,0.0,110,0,8
908,0.005110502243041992,110,1,0
909,0.0,110,0,8
909,0.005107402801513672,110,1,0
910,0.0,110,0,8
910,0.005081653594970703,110,1,0
911,0.0,110,0,8
911,0.005131959915161133,110,1,0
912,0.0,110,0,8
912,0.005031585693359375,110,1,0
913,0.0,110,0,8
913,0.004948139190673828,110,1,0
914,0.0,110,0,8
914,0.005167961120605469,110,1,0
915,0.0,110,0,8
915,0.0051424503326416016,110,1,0
916,0.0,110,0,8
916,0.004971504211425781,110,1,0
917,0.0,110,0,8
917,0.005120038986206055,110,1,0
918,0.0,110,0,8
918,0.0050830841064453125,110,1,0
919,0.0,110,0,8
919,0.0050547122955322266,110,1,0
920,0.0,110,0,8
920,0.005063533782958984,110,1,0
921,0.0,110,0,8
921,0.0048465728759765625,110,1,0
922,0.0,110,0,8
922,0.0047490596771240234,110,1,0
923,0.0,110,0,8
923,0.0048465728759765625,110,1,0
924,0.0,110,0,8
924,0.00493931770324707,110,1,0
925,0.0,110,0,8
925,0.00494074821472168,110,1,0
926,0.0,110,0,8
926,0.004845619201660156,110,1,0
927,0.0,110,0,8
927,0.004811763763427734,110,1,0
928,0.0,110,0,8
928,0.004918098449707031,110,1,0
929,0.0,110,0,8
929,0.0048122406005859375,110,1,0
930,0.0,110,0,8
930,0.005021810531616211,110,1,0
931,0.0,110,0,8
931,0.004869699478149414,110,1,0
932,0.0,110,0,8
932,0.0050394535064697266,110,1,0
933,0.0,110,0,8
933,0.00483250617980957,110,1,0
934,0.0,110,0,8
934,0.0049190521240234375,110,1,0
935,0.0,110,0,8
935,0.004827976226806641,110,1,0
936,0.0,110,0,8
936,0.0048847198486328125,110,1,0
937,0.0,110,0,8
937,0.00487065315246582,110,1,0
938,0.0,110,0,8
938,0.004748106002807617,110,1,0
939,0.0,110,0,8
939,0.0049016475677490234,110,1,0
940,0.0,110,0,8
940,0.004885196685791016,110,1,0
941,0.0,110,0,8
941,0.0050334930419921875,110,1,0
942,0.0,110,0,8
942,0.006263017654418945,110,1,0
943,0.0,110,0,8
943,0.0052490234375,110,1,0
944,0.0,110,0,8
944,0.0050961971282958984,110,1,0
945,0.0,110,0,8
945,0.0047986507415771484,110,1,0
946,0.0,110,0,8
946,0.004945516586303711,110,1,0
947,0.0,110,0,8
947,0.004886627197265625,110,1,0
948,0.0,110,0,8
948,0.004944801330566406,110,1,0
949,0.0,110,0,8
949,0.004972696304321289,110,1,0
950,0.0,110,0,8
950,0.004882097244262695,110,1,0
951,0.0,110,0,8
951,0.005048990249633789,110,1,0
952,0.0,110,0,8
952,0.004984378814697266,110,1,0
953,0.0,110,0,8
953,0.004935026168823242,110,1,0
954,0.0,110,0,8
954,0.0049893856048583984,110,1,0
955,0.0,110,0,8
955,0.005142688751220703,110,1,0
956,0.0,110,0,8
956,0.005096912384033203,110,1,0
957,0.0,110,0,8
957,0.004899740219116211,110,1,0
958,0.0,110,0,8
958,0.004959821701049805,110,1,0
959,0.0,110,0,8
959,0.006237983703613281,110,1,0
960,0.0,110,0,8
960,0.005069255828857422,110,1,0
961,0.0,110,0,8
961,0.005040407180786133,110,1,0
962,0.0,110,0,8
962,0.004959583282470703,110,1,0
963,0.0,110,0,8
963,0.0048999786376953125,110,1,0
964,0.0,110,0,8
964,0.004998922348022461,110,1,0
965,0.0,110,0,8
965,0.004927873611450195,110,1,0
966,0.0,110,0,8
966,0.00495457649230957,110,1,0
967,0.0,110,0,8
967,0.005012035369873047,110,1,0
968,0.0,110,0,8
968,0.00514984130859375,110,1,0
969,0.0,110,0,8
969,0.005099773406982422,110,1,0
970,0.0,110,0,8
970,0.005266904830932617,110,1,0
971,0.0,110,0,8
971,0.004848957061767578,110,1,0
972,0.0,110,0,8
972,0.0049707889556884766,110,1,0
973,0.0,110,0,8
973,0.004983663558959961,110,1,0
974,0.0,110,0,8
974,0.005066394805908203,110,1,0
975,0.0,110,0,8
975,0.004966020584106445,110,1,0
976,0.0,110,0,8
976,0.004891157150268555,110,1,0
977,0.0,110,0,8
977,0.0052356719970703125,110,1,0
978,0.0,110,0,8
978,0.004968166351318359,110,1,0
979,0.0,110,0,8
979,0.00498652458190918,110,1,0
980,0.0,110,0,8
980,0.005057573318481445,110,1,0
981,0.0,110,0,8
981,0.004998207092285156,110,1,0
982,0.0,100,0,8
982,0.023192882537841797,100,1,0
983,0.0,100,0,8
983,0.021526098251342773,100,1,0
984,0.0,100,0,8
984,0.021537065505981445,100,1,0
985,0.0,100,0,8
985,0.02166914939880371,100,1,0
986,0.0,74,0,8
986,0.01758599281311035,74,1,0
987,0.0,74,0,8
987,0.014053106307983398,74,1,0
988,0.0,74,0,8
988,0.014532089233398438,74,1,0
989,0.0,74,0,8
989,0.016273975372314453,74,1,0
990,0.0,64,0,8
990,0.0024261474609375,64,1,0
991,0.0,64,0,8
991,0.0032134056091308594,64,1,0
992,0.0,64,0,8
992,0.00446772575378418,64,1,0
993,0.0,78,0,8
993,0.006123542785644531,78,1,0
994,0.0,78,0,8
994,0.005339622497558594,78,1,0
995,0.0,78,0,8
995,0.004090785980224609,78,1,0
996,0.0,64,0,8
996,0.0056912899017333984,64,1,0
997,0.0,78,0,8
997,0.003774881362915039,78,1,0
