flow_id,isup_msg_type,direction,packet_length,iat
0,IAM,0,108,0.0
0,ACM,0,152,0.04098273423340664
0,ANM,0,184,0.20639520025905428
0,REL,1,137,0.36566893723003274
0,RLC,1,187,0.42831912079472995
1,IAM,0,177,0.0
1,ACM,0,207,0.018657594801599217
1,ANM,0,175,0.03719688469122816
1,REL,1,197,0.037444754537950375
1,RLC,1,132,0.04265477110666022
2,IAM,0,170,0.0
2,ACM,0,180,0.09878159923408164
2,ANM,0,164,0.14085141703093013
2,REL,1,194,0.15776798809266027
2,RLC,1,201,0.1595470968712575
3,IAM,0,109,0.0
3,ACM,0,216,0.0452609158779467
3,ANM,0,189,0.06893004750169572
3,REL,1,125,0.09007112023929449
3,RLC,1,193,0.26226909684988015
4,IAM,0,241,0.0
4,ACM,0,148,0.09373022329940717
4,REL,1,123,0.11569140394627728
4,RLC,1,131,0.12346007602006841
5,IAM,0,198,0.0
5,ACM,0,172,0.1434469763513825
5,REL,1,150,0.1609829644534953
5,RLC,1,120,0.1721118444771944
6,IAM,0,120,0.0
6,ACM,0,206,0.1350423702184052
6,ANM,0,140,0.14035712733415398
6,REL,1,212,0.27554902085467103
6,RLC,1,176,0.4409802262295567
7,IAM,0,149,0.0
7,ACM,0,208,0.01178839798180944
7,ANM,0,175,0.03551288022616922
7,REL,1,127,0.05894204768080362
7,RLC,1,129,0.15769195978444117
8,IAM,0,227,0.0
8,REL,1,109,0.10569081766763876
8,RLC,1,163,0.1418571799027571
9,IAM,0,171,0.0
9,ACM,0,208,0.047353507379003394
9,ANM,0,216,0.2166345092303123
9,REL,1,201,0.24848786392746122
9,RLC,1,216,0.2508985020624773
10,IAM,0,189,0.0
10,ACM,0,172,0.13771379250735413
10,ANM,0,130,0.13854900055511582
10,REL,1,157,0.20441889111467554
10,RLC,1,199,0.3239623174682391
11,IAM,0,117,0.0
11,ACM,0,140,0.15743941077356371
11,ANM,0,176,0.20892402423064096
11,REL,1,102,0.2554309460451209
11,RLC,1,185,0.276350380868164
12,IAM,0,143,0.0
12,ACM,0,165,0.25851581183994016
12,REL,1,133,0.300671516921042
12,RLC,1,111,0.5076699529498673
13,IAM,0,150,0.0
13,ACM,0,199,0.1254242063772582
13,ANM,0,176,0.15374698661852598
13,REL,1,199,0.22236056485918554
13,RLC,1,217,0.24779893067723935
14,IAM,0,146,0.0
14,ACM,0,220,0.0762948901361013
14,ANM,0,202,0.11825107334452507
14,REL,1,167,0.12007619211100917
14,RLC,1,118,0.15316490655359832
15,IAM,0,150,0.0
15,ACM,0,101,0.06586532199455121
15,ANM,0,129,0.08647617151096479
15,REL,1,121,0.10018680736950189
15,RLC,1,163,0.1498933170505925
16,IAM,0,111,0.0
16,IAM,0,111,0.013725216281823079
16,IAM,0,133,0.01427163985140595
16,IAM,0,123,0.023125983889198627
16,IAM,0,79,0.03616773221601316
16,IAM,0,98,0.04229264849582985
16,IAM,0,81,0.04664419726349507
16,IAM,0,124,0.06464310071262405
17,IAM,0,206,0.0
17,ACM,0,120,0.1326556570764741
17,ANM,0,125,0.1668415375592011
17,REL,1,193,0.1816546479383645
17,RLC,1,182,0.2518971203270122
18,IAM,0,137,0.0
18,ACM,0,178,0.07606569733965962
18,ANM,0,126,0.08743360215783054
18,REL,1,163,0.14007463330716857
18,RLC,1,149,0.22819221835414155
19,IAM,0,240,0.0
19,ACM,0,93,0.17957012007379328
19,REL,1,149,0.18271174513190577
19,RLC,1,144,0.19138147783918297
20,IAM,0,191,0.0
20,ACM,0,140,0.01286659727143856
20,ANM,0,105,0.03412184189256337
20,REL,1,116,0.03468054994682443
20,RLC,1,135,0.05276716974843981
21,IAM,0,183,0.0
21,ACM,0,196,0.1279809030557174
21,ANM,0,215,0.15661544303528488
21,REL,1,211,0.19728185408402343
21,RLC,1,128,0.24559462550692077
22,IAM,0,157,0.0
22,ACM,0,147,0.14559729212266462
22,ANM,0,108,0.1562118172986708
22,REL,1,102,0.15969904783813382
22,RLC,1,151,0.20398510498871086
23,IAM,0,179,0.0
23,ACM,0,110,0.06699677064369892
23,ANM,0,194,0.12574272253388902
23,REL,1,186,0.12847413371317784
23,RLC,1,116,0.13675136475162078
24,IAM,0,223,0.0
24,ACM,0,115,0.04530404958527234
24,REL,1,110,0.1059426492517408
24,RLC,1,126,0.21483411014244352
25,IAM,0,118,0.0
25,ACM,0,148,0.0797296499910803
25,ANM,0,185,0.08575115802050057
25,REL,1,165,0.14090308995427986
25,RLC,1,104,0.14954365621734933
26,IAM,0,119,0.0
26,ACM,0,108,0.025908886188031804
26,ANM,0,129,0.12497097382509693
26,REL,1,133,0.1434208744823368
26,RLC,1,179,0.17881177993797978
27,IAM,0,126,0.0
27,ACM,0,157,0.08769924013520433
27,ANM,0,201,0.09115665303826949
27,REL,1,206,0.14188426966810874
27,RLC,1,181,0.1469589311021263
28,IAM,0,140,0.0
28,REL,1,182,0.11684205162385072
28,RLC,1,108,0.13594711894797634
29,IAM,0,178,0.0
29,ACM,0,155,0.10455302170710165
29,ANM,0,179,0.201764937305045
29,REL,1,215,0.22056520716327804
29,RLC,1,158,0.2370539265210923
30,IAM,0,172,0.0
30,ACM,0,214,0.018746242885867893
30,ANM,0,110,0.09070222240224889
30,REL,1,154,0.16003900243084573
30,RLC,1,214,0.2063752649125482
31,IAM,0,237,0.0
31,ACM,0,177,0.023230852324727956
31,REL,1,125,0.13655366746589204
31,RLC,1,114,0.15796300911069786
32,IAM,0,128,0.0
32,ACM,0,183,0.064372483279568
32,ANM,0,216,0.07001073130524603
32,REL,1,115,0.09090266313765062
32,RLC,1,154,0.11001274427844177
33,IAM,0,210,0.0
33,ACM,0,186,0.16198710531557187
33,ANM,0,103,0.2326347884507387
33,REL,1,120,0.28001766591034927
33,RLC,1,194,0.29159663218704945
34,IAM,0,180,0.0
34,ACM,0,190,0.06218210318071393
34,ANM,0,103,0.06891235898960146
34,REL,1,141,0.131625899328356
34,RLC,1,131,0.13470562500656985
35,IAM,0,140,0.0
35,ACM,0,185,0.1521083174690063
35,REL,1,178,0.2146334440415043
35,RLC,1,96,0.2611009127154493
36,IAM,0,220,0.0
36,ACM,0,173,0.05671824636597351
36,REL,1,171,0.06368968885062345
36,RLC,1,100,0.06518728571071147
37,IAM,0,140,0.0
37,ACM,0,192,0.05212884208170419
37,ANM,0,105,0.06480080221346657
37,REL,1,192,0.12163676252951655
37,RLC,1,189,0.1588509856208517
38,IAM,0,195,0.0
38,ACM,0,190,0.03241330352013977
38,ANM,0,153,0.15972668831226394
38,REL,1,190,0.17011500691323067
38,RLC,1,183,0.19639390891575517
39,IAM,0,136,0.0
39,ACM,0,125,0.1205639828076355
39,ANM,0,151,0.12751641381631054
39,REL,1,122,0.13124414556374986
39,RLC,1,156,0.13520087432231087
40,IAM,0,200,0.0
40,REL,1,176,0.029536760437945613
40,RLC,1,184,0.05589954220272575
41,IAM,0,101,0.0
41,ACM,0,220,0.05554368881575665
41,ANM,0,214,0.16911210639515784
41,REL,1,133,0.19989811066452035
41,RLC,1,151,0.28408552776041585
42,IAM,0,165,0.0
42,ACM,0,118,0.10159482737349737
42,ANM,0,128,0.10607592721292856
42,REL,1,194,0.10954066435401663
42,RLC,1,110,0.11537889847833076
43,IAM,0,190,0.0
43,ACM,0,163,0.015290753660604093
43,ANM,0,144,0.038438693639816876
43,REL,1,197,0.08000274360138303
43,RLC,1,215,0.11441445062280849
44,IAM,0,113,0.0
44,ACM,0,180,0.020514327665316048
44,ANM,0,183,0.030142375087941466
44,REL,1,215,0.05961439305037454
44,RLC,1,112,0.1302939606709032
45,IAM,0,158,0.0
45,ACM,0,111,0.015869339044696118
45,REL,1,148,0.0779968706162407
45,RLC,1,132,0.11371503538500283
46,IAM,0,179,0.0
46,ACM,0,163,0.020178648285713436
46,ANM,0,129,0.021894057644167193
46,REL,1,150,0.07811571187035021
46,RLC,1,139,0.10958661094651656
47,IAM,0,233,0.0
47,REL,1,104,0.030261904935911032
47,RLC,1,183,0.09222953848569657
48,IAM,0,196,0.0
48,ACM,0,148,0.014860453334330934
48,ANM,0,102,0.04998221008421968
48,REL,1,202,0.05897767936272044
48,RLC,1,203,0.08680434431600817
49,IAM,0,126,0.0
49,ACM,0,160,0.2111021254194732
49,ANM,0,161,0.24211694217440266
49,REL,1,189,0.28628143446062976
49,RLC,1,164,0.2896112727950282
50,IAM,0,157,0.0
50,ACM,0,108,0.15446384373195066
50,ANM,0,195,0.22357815345775228
50,REL,1,197,0.24141046503300712
50,RLC,1,197,0.30069183211318845
51,IAM,0,151,0.0
51,ACM,0,117,0.022646187323877232
51,ANM,0,105,0.05104278808740623
51,REL,1,105,0.09551093417762327
51,RLC,1,161,0.22714715354822232
52,IAM,0,174,0.0
52,ACM,0,190,0.06045033872349929
52,ANM,0,136,0.11292032758558031
52,REL,1,208,0.13733768043355282
52,RLC,1,179,0.1435650236746802
53,IAM,0,213,0.0
53,ACM,0,123,0.1600557494817139
53,ANM,0,178,0.2584876563950961
53,REL,1,102,0.27117289246727033
53,RLC,1,189,0.3923358228472302
54,IAM,0,169,0.0
54,ACM,0,149,0.08070458482853721
54,ANM,0,217,0.10920119393118685
54,REL,1,109,0.15542494074524374
54,RLC,1,122,0.15693569067159488
55,IAM,0,137,0.0
55,ACM,0,132,0.0413900606992342
55,ANM,0,206,0.06184794367827322
55,REL,1,125,0.07958797138638521
55,RLC,1,166,0.10572654874863427
56,IAM,0,218,0.0
56,ACM,0,126,0.030820429478191698
56,ANM,0,100,0.08330191803023668
56,REL,1,206,0.14687857887831546
56,RLC,1,154,0.16206629713669216
57,IAM,0,165,0.0
57,ACM,0,154,0.07464332667332155
57,ANM,0,210,0.1292973813210994
57,REL,1,190,0.15914046834095164
57,RLC,1,215,0.1649834002563632
58,IAM,0,201,0.0
58,ACM,0,204,0.024211037333848266
58,ANM,0,169,0.03318190649610557
58,REL,1,144,0.07181511432689533
58,RLC,1,206,0.09250512443298788
59,IAM,0,110,0.0
59,ACM,0,174,0.017684946371331108
59,ANM,0,113,0.03256348152539411
59,REL,1,203,0.038561775016161176
59,RLC,1,167,0.11396398026499548
60,IAM,0,233,0.0
60,ACM,0,148,0.09631490104138997
60,REL,1,155,0.13658137416823524
60,RLC,1,109,0.3066447395772029
61,IAM,0,116,0.0
61,ACM,0,198,0.0695534960908037
61,ANM,0,148,0.10080841921486136
61,REL,1,155,0.1726996691967856
61,RLC,1,143,0.23312628843347727
62,IAM,0,209,0.0
62,ACM,0,130,0.14646405745019275
62,ANM,0,194,0.17461118409683896
62,REL,1,168,0.1832541031357552
62,RLC,1,101,0.22267181785997053
63,IAM,0,208,0.0
63,ACM,0,127,0.07633767157481257
63,ANM,0,120,0.10052381776886495
63,REL,1,160,0.11408350881215436
63,RLC,1,216,0.20262893914617697
64,IAM,0,197,0.0
64,ACM,0,108,0.07320113189674016
64,REL,1,138,0.11864157800441677
64,RLC,1,123,0.1489300091039707
65,IAM,0,161,0.0
65,ACM,0,162,0.10267549243768115
65,ANM,0,119,0.16490639473919183
65,REL,1,138,0.1649274143824855
65,RLC,1,122,0.17449716819869862
66,IAM,0,128,0.0
66,ACM,0,189,0.11766210394374155
66,ANM,0,102,0.13310485057535826
66,REL,1,140,0.1511973389515244
66,RLC,1,121,0.1694255482614681
67,IAM,0,125,0.0
67,ACM,0,162,0.081565302013057
67,ANM,0,202,0.12608489677736115
67,REL,1,193,0.13100014315174272
67,RLC,1,197,0.1330711372901876
68,IAM,0,214,0.0
68,ACM,0,207,0.08095224893287295
68,ANM,0,159,0.15768095356485665
68,REL,1,193,0.18203988695836992
68,RLC,1,216,0.21962064043644694
69,IAM,0,178,0.0
69,ACM,0,123,0.015780639868786785
69,REL,1,128,0.08242384447670484
69,RLC,1,131,0.1084833967387624
70,IAM,0,142,0.0
70,ACM,0,202,0.04585481445160418
70,ANM,0,103,0.05252689670513034
70,REL,1,169,0.07600663801228624
70,RLC,1,212,0.09265919603677264
71,IAM,0,125,0.0
71,ACM,0,158,0.023005160386798694
71,ANM,0,216,0.023046109538611862
71,REL,1,130,0.046156059626331354
71,RLC,1,137,0.2728259120545216
72,IAM,0,110,0.0
72,ACM,0,173,0.04396029201744303
72,ANM,0,136,0.06297348198717445
72,REL,1,105,0.09443945485206318
72,RLC,1,155,0.13722659650658764
73,IAM,0,176,0.0
73,ACM,0,104,0.10069878226971628
73,ANM,0,124,0.1577438627584408
73,REL,1,101,0.19125161003794786
73,RLC,1,139,0.23768801235370868
74,IAM,0,155,0.0
74,ACM,0,191,0.2086859393360715
74,ANM,0,138,0.20954392776676198
74,REL,1,126,0.2633198476886812
74,RLC,1,155,0.285730381735341
75,IAM,0,181,0.0
75,ACM,0,101,0.019955904615273072
75,ANM,0,177,0.1447869274066285
75,REL,1,127,0.1866125413748139
75,RLC,1,171,0.21042800452900579
76,IAM,0,134,0.0
76,ACM,0,175,0.01974700029909705
76,ANM,0,145,0.03232165565630603
76,REL,1,173,0.037289031923697806
76,RLC,1,195,0.0470499468383347
77,IAM,0,115,0.0
77,ACM,0,103,0.08408851605931403
77,ANM,0,117,0.09907148915667965
77,REL,1,139,0.1061111470800785
77,RLC,1,187,0.11727864498899562
78,IAM,0,210,0.0
78,ACM,0,116,0.017305578768210792
78,ANM,0,183,0.11347445147048904
78,REL,1,165,0.23106455599956394
78,RLC,1,205,0.2553283652979031
79,IAM,0,145,0.0
79,ACM,0,202,0.1267246926962242
79,ANM,0,191,0.13644733356121866
79,REL,1,197,0.20231643891707246
79,RLC,1,204,0.2413939289651986
80,IAM,0,218,0.0
80,ACM,0,100,0.03894796869596019
80,ANM,0,218,0.062121814834006486
80,REL,1,217,0.09472081971844869
80,RLC,1,167,0.12501307553117805
81,IAM,0,198,0.0
81,ACM,0,139,0.15150685550306608
81,ANM,0,125,0.2724675758147064
81,REL,1,133,0.37306999146389686
81,RLC,1,153,0.4059947024300157
82,IAM,0,188,0.0
82,ACM,0,201,0.050659091544743344
82,ANM,0,105,0.05171136846924415
82,REL,1,193,0.09757926912867297
82,RLC,1,214,0.11928402385395317
83,IAM,0,129,0.0
83,ACM,0,157,0.21426648645578297
83,ANM,0,212,0.21944899786695113
83,REL,1,139,0.22775307337274908
83,RLC,1,187,0.2704394615497433
84,IAM,0,123,0.0
84,ACM,0,100,0.04157955352211125
84,ANM,0,175,0.046723813382528345
84,REL,1,145,0.04783701454898989
84,RLC,1,172,0.10964136991656123
85,IAM,0,103,0.0
85,ACM,0,196,0.019642928458180015
85,ANM,0,152,0.10105117805870263
85,REL,1,160,0.12455000259500824
85,RLC,1,185,0.1445687784228193
86,IAM,0,98,0.0
86,IAM,0,135,0.01866361335456898
86,IAM,0,142,0.06792311987784884
86,IAM,0,110,0.08050130103256417
86,IAM,0,61,0.08568544472479278
86,IAM,0,91,0.08584305813762083
86,IAM,0,105,0.08962483140294844
86,IAM,0,97,0.09138126782319515
87,IAM,0,181,0.0
87,ACM,0,130,0.05135858576126177
87,ANM,0,176,0.10858393053150141
87,REL,1,132,0.11598492549989044
87,RLC,1,205,0.12244395855265129
88,IAM,0,234,0.0
88,ACM,0,171,0.02741166155744201
88,REL,1,173,0.14119895258634554
88,RLC,1,169,0.14211601368192625
89,IAM,0,152,0.0
89,ACM,0,220,0.08055455662326143
89,ANM,0,157,0.10119873991849385
89,REL,1,208,0.11462866383074091
89,RLC,1,106,0.14218206210529466
90,IAM,0,145,0.0
90,ACM,0,173,0.05529334969044271
90,ANM,0,205,0.07831084621822218
90,REL,1,161,0.1061275750746434
90,RLC,1,114,0.1430572395279435
91,IAM,0,107,0.0
91,ACM,0,183,0.049416978164706034
91,ANM,0,132,0.0697647153394186
91,REL,1,191,0.08754115851000738
91,RLC,1,130,0.11952006025920617
92,IAM,0,141,0.0
92,ACM,0,219,0.020918953620318925
92,ANM,0,145,0.07285691305145037
92,REL,1,213,0.14397501128171353
92,RLC,1,151,0.18323868673719004
93,IAM,0,207,0.0
93,ACM,0,211,0.04619200678390627
93,ANM,0,201,0.21403730876847465
93,REL,1,191,0.29011824251096036
93,RLC,1,154,0.29903098852496407
94,IAM,0,171,0.0
94,ACM,0,215,0.08653275515528723
94,ANM,0,165,0.12872172194909448
94,REL,1,114,0.13404191725763573
94,RLC,1,132,0.16140338144484212
95,IAM,0,101,0.0
95,ACM,0,172,0.03806465770348744
95,ANM,0,211,0.09455604650791727
95,REL,1,156,0.11969083765308161
95,RLC,1,154,0.14807168645752905
96,IAM,0,120,0.0
96,IAM,0,125,0.018795961811267654
96,IAM,0,70,0.020221437793081602
96,IAM,0,129,0.02443190004456406
96,IAM,0,107,0.029120871739770206
96,IAM,0,60,0.038670951410660986
96,IAM,0,104,0.048787300615389696
96,IAM,0,84,0.05755686563150511
97,IAM,0,208,0.0
97,ACM,0,140,0.14677069312209368
97,ANM,0,127,0.23004598968118972
97,REL,1,112,0.26621107029238084
97,RLC,1,107,0.2725561083219363
98,IAM,0,117,0.0
98,ACM,0,220,0.0018100002350301802
98,ANM,0,107,0.033271183206808636
98,REL,1,206,0.07499364247997631
98,RLC,1,153,0.09006918689804987
99,IAM,0,201,0.0
99,ACM,0,206,0.10317504075152364
99,ANM,0,118,0.11072475821877562
99,REL,1,148,0.16220071410559406
99,RLC,1,151,0.17244119705786837
100,IAM,0,145,0.0
100,IAM,0,130,0.019240317510595482
100,IAM,0,67,0.03902595580634355
100,IAM,0,117,0.06510681691002515
100,IAM,0,116,0.06865404378893529
100,IAM,0,138,0.08450719578546596
100,IAM,0,140,0.08744124499077555
100,IAM,0,128,0.10233987437968628
101,IAM,0,123,0.0
101,ACM,0,204,0.03962179781318103
101,ANM,0,210,0.06753944547279811
101,REL,1,158,0.15689804542754882
101,RLC,1,206,0.29192141513320846
102,IAM,0,168,0.0
102,ACM,0,147,0.08018983282475312
102,ANM,0,166,0.1456899130575624
102,REL,1,138,0.1817250812621531
102,RLC,1,182,0.21658379312927048
103,IAM,0,110,0.0
103,ACM,0,148,0.0683230570479935
103,ANM,0,112,0.0792682866707385
103,REL,1,116,0.1162066922661752
103,RLC,1,172,0.19498469550675368
104,IAM,0,186,0.0
104,ACM,0,114,0.07363014103520318
104,ANM,0,202,0.1117074990908192
104,REL,1,169,0.18850570167896802
104,RLC,1,103,0.2810743597184784
105,IAM,0,143,0.0
105,ACM,0,171,0.12867339292698968
105,ANM,0,194,0.1519783801699659
105,REL,1,217,0.15524944921517217
105,RLC,1,180,0.2848741437596839
106,IAM,0,143,0.0
106,ACM,0,169,0.010771939696793228
106,ANM,0,217,0.011794638262718917
106,REL,1,148,0.03212750464844522
106,RLC,1,182,0.09384431003121631
107,IAM,0,155,0.0
107,ACM,0,200,0.05936681160960869
107,ANM,0,117,0.09896682095205758
107,REL,1,170,0.1321395967126044
107,RLC,1,191,0.13578316538511695
108,IAM,0,135,0.0
108,ACM,0,218,0.03673237020404001
108,ANM,0,178,0.03735750695658215
108,REL,1,186,0.03763642108811468
108,RLC,1,207,0.05551035544240835
109,IAM,0,147,0.0
109,REL,1,189,0.08402285700881638
109,RLC,1,125,0.10109118833295877
110,IAM,0,123,0.0
110,ACM,0,203,0.1035913265877064
110,ANM,0,123,0.23345526378723577
110,REL,1,169,0.24231436750634883
110,RLC,1,114,0.2433566472205794
111,IAM,0,154,0.0
111,ACM,0,214,0.05911140358869368
111,ANM,0,132,0.09166901119450854
111,REL,1,136,0.09844243790782706
111,RLC,1,128,0.14891567645591228
112,IAM,0,153,0.0
112,REL,1,116,0.02639544584458826
112,RLC,1,188,0.1308496100089812
113,IAM,0,134,0.0
113,ACM,0,157,0.21316213765376907
113,ANM,0,204,0.2520671297526
113,REL,1,194,0.2715716880258089
113,RLC,1,151,0.3931510943323858
114,IAM,0,126,0.0
114,ACM,0,194,0.12460712727028903
114,ANM,0,171,0.1943624940280324
114,REL,1,178,0.1984396829431975
114,RLC,1,106,0.218269129563196
115,IAM,0,160,0.0
115,ACM,0,194,0.03204891704835261
115,ANM,0,163,0.09722384401185213
115,REL,1,156,0.11181931196908673
115,RLC,1,142,0.2147919009127135
116,IAM,0,175,0.0
116,ACM,0,140,0.03596034720462858
116,ANM,0,193,0.04498593159972766
116,REL,1,153,0.1388213247775429
116,RLC,1,177,0.18467076045019837
117,IAM,0,127,0.0
117,ACM,0,130,0.06971308822783154
117,ANM,0,199,0.10686546066047314
117,REL,1,178,0.31234167725379214
117,RLC,1,151,0.4153849817878786
118,IAM,0,208,0.0
118,ACM,0,160,0.11575215493253903
118,ANM,0,109,0.25728506520846656
118,REL,1,174,0.3031059075699548
118,RLC,1,164,0.37325507054399015
119,IAM,0,144,0.0
119,ACM,0,204,0.05031692460323172
119,ANM,0,193,0.0888348895444315
119,REL,1,135,0.10637063637603841
119,RLC,1,217,0.1347686251715629
120,IAM,0,180,0.0
120,ACM,0,164,0.048178441357544455
120,ANM,0,106,0.21979034206604262
120,REL,1,116,0.2923215000509891
120,RLC,1,186,0.38944325904673666
121,IAM,0,139,0.0
121,ACM,0,181,0.03650527350123463
121,ANM,0,122,0.04345750150314873
121,REL,1,157,0.11882997858400349
121,RLC,1,123,0.1656868997781014
122,IAM,0,164,0.0
122,ACM,0,205,0.14860589132084737
122,ANM,0,139,0.15302410747873124
122,REL,1,212,0.15844864870095104
122,RLC,1,153,0.19688203535478796
123,IAM,0,134,0.0
123,IAM,0,68,0.007170699421198344
123,IAM,0,149,0.04882746951587437
123,IAM,0,132,0.062393248928666684
123,IAM,0,140,0.06589542797257542
123,IAM,0,74,0.07807959157241023
123,IAM,0,78,0.07942106893262421
123,IAM,0,68,0.0911604011061597
124,IAM,0,219,0.0
124,ACM,0,196,0.01766456693918838
124,ANM,0,148,0.03464723849999099
124,REL,1,179,0.07531531491620386
124,RLC,1,164,0.21403708355499482
125,IAM,0,146,0.0
125,ACM,0,173,0.14207262329737133
125,ANM,0,199,0.19920462095187216
125,REL,1,217,0.24944527426258323
125,RLC,1,111,0.3513791762654595
126,IAM,0,129,0.0
126,ACM,0,118,0.11037968719693302
126,ANM,0,140,0.20397335042693016
126,REL,1,200,0.22424613492812637
126,RLC,1,152,0.2258929889994677
127,IAM,0,139,0.0
127,ACM,0,107,0.03669925625866452
127,ANM,0,130,0.1178330864491565
127,REL,1,182,0.15326025693865403
127,RLC,1,180,0.17669837261862065
128,IAM,0,172,0.0
128,ACM,0,204,0.10245200987302727
128,ANM,0,175,0.13947248150421077
128,REL,1,188,0.24986264500470323
128,RLC,1,148,0.29934834205718586
129,IAM,0,158,0.0
129,ACM,0,161,0.11460224218748126
129,ANM,0,204,0.12656874359855727
129,REL,1,165,0.3323600581867857
129,RLC,1,143,0.4429092690523081
130,IAM,0,149,0.0
130,ACM,0,185,0.1297679707691437
130,ANM,0,214,0.13213643053766008
130,REL,1,105,0.1604430412158156
130,RLC,1,187,0.16972773834530697
131,IAM,0,106,0.0
131,ACM,0,126,0.060584516624687265
131,ANM,0,147,0.13331401745294758
131,REL,1,157,0.15002664116983908
131,RLC,1,143,0.19327916509058365
132,IAM,0,209,0.0
132,ACM,0,189,0.10506989366854026
132,ANM,0,122,0.20039518032443498
132,REL,1,217,0.21908909284549963
132,RLC,1,183,0.21952264869402469
133,IAM,0,170,0.0
133,ACM,0,173,0.11946168334291656
133,ANM,0,189,0.1410506439840779
133,REL,1,158,0.14320647087225225
133,RLC,1,161,0.14465509261226547
134,IAM,0,144,0.0
134,REL,1,159,0.033765062215824426
134,RLC,1,168,0.04114982819216303
135,IAM,0,125,0.0
135,ACM,0,169,0.06291441724014007
135,ANM,0,188,0.10015035596475488
135,REL,1,109,0.1022107537458362
135,RLC,1,171,0.10521643023970115
136,IAM,0,212,0.0
136,ACM,0,102,0.1782902585886306
136,ANM,0,134,0.18105763086931959
136,REL,1,179,0.18788550771550555
136,RLC,1,149,0.25739618869265835
137,IAM,0,114,0.0
137,ACM,0,168,0.06794890477481273
137,ANM,0,121,0.10212790984487127
137,REL,1,137,0.18584912331079512
137,RLC,1,205,0.2029731609590117
138,IAM,0,145,0.0
138,ACM,0,149,0.18060589811824806
138,ANM,0,177,0.1969414902692206
138,REL,1,205,0.21007918082026492
138,RLC,1,152,0.303152403756302
139,IAM,0,189,0.0
139,ACM,0,176,0.160287452969682
139,ANM,0,206,0.18106081925074563
139,REL,1,191,0.2153072942862504
139,RLC,1,219,0.2868741746001427
140,IAM,0,164,0.0
140,REL,1,114,0.035130895739425606
140,RLC,1,189,0.04597453892697834
141,IAM,0,147,0.0
141,REL,1,141,0.12450281772108601
141,RLC,1,91,0.1301549245886109
142,IAM,0,110,0.0
142,ACM,0,206,0.2698864213305494
142,ANM,0,151,0.2901886872808303
142,REL,1,207,0.30757777937945774
142,RLC,1,121,0.3502554246462338
143,IAM,0,160,0.0
143,ACM,0,215,0.062057677036081525
143,ANM,0,112,0.08895660571145211
143,REL,1,140,0.1405272390085314
143,RLC,1,170,0.22004886678740698
144,IAM,0,108,0.0
144,ACM,0,205,0.14435691717433766
144,ANM,0,210,0.26210612152896207
144,REL,1,207,0.27141275553685723
144,RLC,1,220,0.3426692746745845
145,IAM,0,106,0.0
145,ACM,0,213,0.2870506853812607
145,ANM,0,161,0.3481874936530356
145,REL,1,137,0.3651724094270756
145,RLC,1,211,0.3808215624326587
146,IAM,0,158,0.0
146,ACM,0,127,0.0753890172531326
146,ANM,0,161,0.17003574070029365
146,REL,1,171,0.18105768094807378
146,RLC,1,110,0.18152082667686223
147,IAM,0,200,0.0
147,REL,1,96,0.030670050746824416
147,RLC,1,165,0.063459368540571
148,IAM,0,216,0.0
148,ACM,0,118,0.11691822872077347
148,ANM,0,216,0.20743241794941814
148,REL,1,177,0.24343956312639634
148,RLC,1,191,0.24467516951438092
149,IAM,0,208,0.0
149,ACM,0,189,0.019551262943584065
149,ANM,0,216,0.14595543950980547
149,REL,1,128,0.1989856866833754
149,RLC,1,190,0.23603814664829303
150,IAM,0,170,0.0
150,ACM,0,179,0.021063145189565296
150,ANM,0,197,0.07091071928312681
150,REL,1,213,0.09303694834184686
150,RLC,1,195,0.20762042814284754
151,IAM,0,173,0.0
151,ACM,0,201,0.16315662468274036
151,ANM,0,205,0.20563665685728813
151,REL,1,183,0.2164996786942852
151,RLC,1,196,0.23412101237913585
152,IAM,0,150,0.0
152,ACM,0,160,0.03541835132036292
152,ANM,0,147,0.07801926703313006
152,REL,1,151,0.10202261607460114
152,RLC,1,129,0.13541767721391593
153,IAM,0,181,0.0
153,ACM,0,109,0.012448477532606386
153,ANM,0,180,0.018831511919006234
153,REL,1,103,0.020623801760919047
153,RLC,1,185,0.06166700422774483
154,IAM,0,168,0.0
154,ACM,0,123,0.1012113258637555
154,ANM,0,131,0.166824407365203
154,REL,1,102,0.17601622994208505
154,RLC,1,180,0.19118244199310797
155,IAM,0,154,0.0
155,ACM,0,105,0.035516419175951754
155,ANM,0,125,0.06126616903962408
155,REL,1,154,0.08850277309966269
155,RLC,1,183,0.0901184401598765
156,IAM,0,138,0.0
156,IAM,0,80,0.03430904228679337
156,IAM,0,131,0.03703411790375124
156,IAM,0,145,0.037092546222627316
156,IAM,0,130,0.05950228425734324
156,IAM,0,101,0.0760741311810344
156,IAM,0,91,0.07711970146252746
156,IAM,0,77,0.08109381180182075
157,IAM,0,155,0.0
157,ACM,0,170,0.011819398007271081
157,ANM,0,211,0.06185766145130792
157,REL,1,116,0.0805927943325691
157,RLC,1,189,0.10067978316835782
158,IAM,0,188,0.0
158,ACM,0,105,0.026249061113345087
158,REL,1,133,0.051281917135870755
158,RLC,1,160,0.07154204006926243
159,IAM,0,133,0.0
159,ACM,0,215,0.06248265788291013
159,ANM,0,171,0.10238517026013653
159,REL,1,133,0.16299329289597567
159,RLC,1,178,0.19685034897093093
160,IAM,0,108,0.0
160,ACM,0,217,0.011256454335746407
160,ANM,0,206,0.045763403619218934
160,REL,1,143,0.05666928714518338
160,RLC,1,170,0.0683127074537561
161,IAM,0,146,0.0
161,ACM,0,138,0.04413295993546184
161,ANM,0,164,0.04813711321248376
161,REL,1,111,0.10734566645489746
161,RLC,1,157,0.15685012530050674
162,IAM,0,246,0.0
162,REL,1,164,0.07707901200313358
162,RLC,1,98,0.08480211452775888
163,IAM,0,246,0.0
163,REL,1,95,0.04088174881871566
163,RLC,1,118,0.051935417107762304
164,IAM,0,240,0.0
164,REL,1,139,0.10269751542353792
164,RLC,1,113,0.10277537290711813
165,IAM,0,130,0.0
165,ACM,0,175,0.2228230777461407
165,ANM,0,180,0.23823368256432445
165,REL,1,127,0.25930548701203376
165,RLC,1,118,0.28676176168432443
166,IAM,0,107,0.0
166,ACM,0,150,0.0701925737328814
166,ANM,0,147,0.1344595020984704
166,REL,1,202,0.13872132726927114
166,RLC,1,170,0.2065552765036905
167,IAM,0,148,0.0
167,ACM,0,176,0.037461861961695264
167,ANM,0,207,0.10412495009648645
167,REL,1,136,0.12706360948778106
167,RLC,1,184,0.13892655559069791
168,IAM,0,158,0.0
168,ACM,0,135,0.008670780042924807
168,ANM,0,121,0.05929628006094917
168,REL,1,127,0.1729738827608326
168,RLC,1,121,0.21767811603806003
169,IAM,0,126,0.0
169,ACM,0,207,0.09319158856305185
169,ANM,0,199,0.11232039699412538
169,REL,1,135,0.21728740313669906
169,RLC,1,125,0.32207227323942306
170,IAM,0,206,0.0
170,ACM,0,163,0.38790252180211593
170,ANM,0,217,0.39690308815773856
170,REL,1,183,0.5123797342946994
170,RLC,1,173,0.5887591294583047
171,IAM,0,122,0.0
171,ACM,0,181,0.11780396114352124
171,ANM,0,134,0.19739098179102033
171,REL,1,150,0.19747958274764774
171,RLC,1,141,0.21033064315445107
172,IAM,0,214,0.0
172,ACM,0,112,0.02737964739639681
172,ANM,0,159,0.03139777735553981
172,REL,1,143,0.036478596028153995
172,RLC,1,173,0.07358853343850641
173,IAM,0,111,0.0
173,ACM,0,112,0.20079372234174553
173,ANM,0,111,0.24741768036775041
173,REL,1,170,0.270336468524578
173,RLC,1,159,0.33331542793354096
174,IAM,0,157,0.0
174,ACM,0,220,0.0981152976593965
174,ANM,0,109,0.11959988797972053
174,REL,1,137,0.12514277222481757
174,RLC,1,156,0.1871300526922916
175,IAM,0,190,0.0
175,ACM,0,153,0.07693117226548897
175,ANM,0,157,0.16800159744317816
175,REL,1,151,0.18678612619864138
175,RLC,1,158,0.21783507324699686
176,IAM,0,211,0.0
176,ACM,0,180,0.11479490216625034
176,ANM,0,139,0.18938475319456882
176,REL,1,142,0.23040459102330874
176,RLC,1,105,0.32942829695673403
177,IAM,0,151,0.0
177,ACM,0,152,0.031587538493365055
177,ANM,0,196,0.11046831891690517
177,REL,1,133,0.17188327687870308
177,RLC,1,127,0.2937571595190636
178,IAM,0,156,0.0
178,ACM,0,179,0.09913013522724505
178,ANM,0,196,0.12021118974114271
178,REL,1,188,0.12666034949682384
178,RLC,1,132,0.157226142649128
179,IAM,0,89,0.0
179,IAM,0,63,0.027512622750955465
179,IAM,0,106,0.03506439595405964
179,IAM,0,80,0.054637619142466454
179,IAM,0,134,0.0773137142577145
179,IAM,0,63,0.07905702417055696
179,IAM,0,145,0.09474377413557869
179,IAM,0,104,0.09494071550380306
180,IAM,0,76,0.0
180,IAM,0,63,0.024281449271590278
180,IAM,0,61,0.024513867093562434
180,IAM,0,98,0.026035846250239095
180,IAM,0,135,0.03184091408377007
180,IAM,0,61,0.03717249589723859
180,IAM,0,107,0.05921482568102268
180,IAM,0,88,0.06343492530463885
181,IAM,0,192,0.0
181,ACM,0,203,0.08116045208345202
181,ANM,0,194,0.134853356577108
181,REL,1,168,0.1729046475451489
181,RLC,1,181,0.21733818022172158
182,IAM,0,158,0.0
182,ACM,0,212,0.15967170398681269
182,ANM,0,195,0.1685908660381925
182,REL,1,147,0.21681745551435783
182,RLC,1,133,0.2932317081775343
183,IAM,0,160,0.0
183,ACM,0,197,0.03652294815612432
183,ANM,0,196,0.05163101031112798
183,REL,1,139,0.05695291879730023
183,RLC,1,140,0.1800017783807724
184,IAM,0,61,0.0
184,IAM,0,70,0.04676975129735959
184,IAM,0,123,0.04716189409189711
184,IAM,0,140,0.061053890163614385
184,IAM,0,98,0.09127121830306681
184,IAM,0,85,0.12117179802346426
184,IAM,0,92,0.15353383080545718
184,IAM,0,101,0.1704593145671503
185,IAM,0,110,0.0
185,ACM,0,153,0.10763418502729397
185,ANM,0,198,0.11624616006799564
185,REL,1,220,0.13383605366506401
185,RLC,1,200,0.2778148695109293
186,IAM,0,159,0.0
186,ACM,0,114,0.12980676986080003
186,ANM,0,178,0.18264293092006814
186,REL,1,166,0.23264454228721373
186,RLC,1,205,0.243886316156873
187,IAM,0,104,0.0
187,ACM,0,161,0.14568691113842666
187,ANM,0,183,0.16412460649512925
187,REL,1,173,0.18638357196634575
187,RLC,1,144,0.19662383513100307
188,IAM,0,176,0.0
188,ACM,0,122,0.07007712258555694
188,ANM,0,165,0.08311814270369904
188,REL,1,177,0.08455887431462707
188,RLC,1,136,0.17601531168354
189,IAM,0,140,0.0
189,IAM,0,142,0.00856987874598095
189,IAM,0,122,0.009622979489584139
189,IAM,0,121,0.018174801977472586
189,IAM,0,87,0.03907213397076201
189,IAM,0,114,0.06659921913361531
189,IAM,0,117,0.0693274940942607
189,IAM,0,78,0.07570744740045697
190,IAM,0,127,0.0
190,ACM,0,133,0.1302316931017792
190,ANM,0,196,0.1713560736846263
190,REL,1,203,0.2620134923137702
190,RLC,1,115,0.2672114894714061
191,IAM,0,224,0.0
191,REL,1,151,0.04175007972485766
191,RLC,1,148,0.1277365708711069
192,IAM,0,133,0.0
192,ACM,0,195,0.004159822828477039
192,ANM,0,140,0.005205129311585916
192,REL,1,183,0.06786298816446742
192,RLC,1,147,0.1338207668375546
193,IAM,0,216,0.0
193,ACM,0,207,0.07503438679366294
193,ANM,0,168,0.09306760360223015
193,REL,1,104,0.10300354907456147
193,RLC,1,196,0.147485898964191
194,IAM,0,139,0.0
194,ACM,0,203,0.06535122672950222
194,ANM,0,165,0.21518353558682823
194,REL,1,185,0.22209866507269654
194,RLC,1,165,0.2924668911632989
195,IAM,0,202,0.0
195,ACM,0,166,0.17868736024631016
195,ANM,0,152,0.20368398974918608
195,REL,1,147,0.28174245992926433
195,RLC,1,125,0.29288159489492444
196,IAM,0,116,0.0
196,ACM,0,119,0.11765218740692093
196,ANM,0,185,0.13841766689354315
196,REL,1,144,0.16450202776440367
196,RLC,1,170,0.16522956581852272
197,IAM,0,186,0.0
197,ACM,0,171,0.11282544428389933
197,REL,1,172,0.1316496877549319
197,RLC,1,158,0.19089083665780743
198,IAM,0,127,0.0
198,ACM,0,152,0.10701591024805747
198,ANM,0,180,0.14215421259558
198,REL,1,216,0.17237899783028793
198,RLC,1,189,0.23164589848687314
199,IAM,0,144,0.0
199,REL,1,187,0.07526286789579725
199,RLC,1,106,0.07594953876950268
200,IAM,0,118,0.0
200,ACM,0,173,0.036407262269916606
200,ANM,0,208,0.06461879523422931
200,REL,1,154,0.1362044706717751
200,RLC,1,144,0.17098701971508634
201,IAM,0,130,0.0
201,ACM,0,124,0.11108893567635453
201,ANM,0,199,0.16501015047706602
201,REL,1,169,0.17696363300952161
201,RLC,1,152,0.19881471219698452
202,IAM,0,157,0.0
202,REL,1,189,0.020217679836659126
202,RLC,1,152,0.05161959760355527
203,IAM,0,143,0.0
203,ACM,0,115,0.08350194812698451
203,ANM,0,185,0.16412298104937134
203,REL,1,207,0.1812681159353485
203,RLC,1,115,0.19037297695694885
204,IAM,0,150,0.0
204,IAM,0,113,0.010705813139498907
204,IAM,0,113,0.02123470387456653
204,IAM,0,70,0.024292813820237385
204,IAM,0,65,0.04573290106027771
204,IAM,0,87,0.05307662793571584
204,IAM,0,66,0.06539637162445146
204,IAM,0,60,0.08220305228899985
205,IAM,0,181,0.0
205,ACM,0,211,0.09565895214827144
205,ANM,0,146,0.15861336530061076
205,REL,1,108,0.3048506941524146
205,RLC,1,159,0.35497482120359153
206,IAM,0,160,0.0
206,ACM,0,106,0.035192034669882945
206,ANM,0,203,0.12060492471242262
206,REL,1,175,0.20341745065704125
206,RLC,1,200,0.21299517927760606
207,IAM,0,112,0.0
207,ACM,0,141,0.12431450320187708
207,ANM,0,164,0.12495361136531125
207,REL,1,218,0.1291547153427773
207,RLC,1,130,0.14907727206119512
208,IAM,0,145,0.0
208,ACM,0,175,0.0481811126927905
208,ANM,0,197,0.12664627245177396
208,REL,1,211,0.16931430097064643
208,RLC,1,161,0.17664769374204692
209,IAM,0,151,0.0
209,ACM,0,151,0.11145245000186427
209,ANM,0,192,0.1319770178852747
209,REL,1,218,0.17164989336072034
209,RLC,1,178,0.1731824744699733
210,IAM,0,188,0.0
210,ACM,0,127,0.06940004442670122
210,ANM,0,122,0.07749074781807425
210,REL,1,218,0.0805025447790322
210,RLC,1,141,0.0816862311958245
211,IAM,0,174,0.0
211,ACM,0,166,0.0025200188623127886
211,ANM,0,135,0.052905551153254085
211,REL,1,202,0.07258705803533241
211,RLC,1,158,0.15707626978651174
212,IAM,0,220,0.0
212,ACM,0,107,0.05678708143952725
212,ANM,0,172,0.07310973669032028
212,REL,1,215,0.08411524809379725
212,RLC,1,166,0.08956838370523057
213,IAM,0,140,0.0
213,IAM,0,83,0.023218053357907727
213,IAM,0,79,0.02777954186934446
213,IAM,0,113,0.02945125362177864
213,IAM,0,75,0.03434769617819809
213,IAM,0,68,0.04449329786561104
213,IAM,0,120,0.057730072204009164
213,IAM,0,132,0.06846227500175155
214,IAM,0,189,0.0
214,ACM,0,184,0.28609534972733275
214,ANM,0,214,0.32340270110014135
214,REL,1,174,0.3516045700888316
214,RLC,1,107,0.38260452422291763
215,IAM,0,107,0.0
215,ACM,0,174,0.0567027103803726
215,ANM,0,181,0.0691104761579305
215,REL,1,111,0.07181980737797057
215,RLC,1,154,0.08079034670551749
216,IAM,0,145,0.0
216,REL,1,178,0.026030300391449837
216,RLC,1,178,0.04784353369195007
217,IAM,0,109,0.0
217,ACM,0,181,0.15462414404984526
217,ANM,0,194,0.17800853887105075
217,REL,1,162,0.26372955805244397
217,RLC,1,207,0.29771747649570257
218,IAM,0,108,0.0
218,ACM,0,220,0.07794582479980654
218,ANM,0,210,0.08038570656489025
218,REL,1,161,0.08487343574914086
218,RLC,1,109,0.22378908476459264
219,IAM,0,173,0.0
219,ACM,0,157,0.10067348950822996
219,ANM,0,194,0.1770033007729156
219,REL,1,163,0.19653044002639816
219,RLC,1,113,0.24028350491832867
220,IAM,0,199,0.0
220,ACM,0,114,0.16937975203034994
220,ANM,0,143,0.18792437937297451
220,REL,1,196,0.2504664113486017
220,RLC,1,180,0.25303493582390785
221,IAM,0,214,0.0
221,ACM,0,161,0.04878154302973375
221,ANM,0,203,0.05455350503199001
221,REL,1,132,0.05745960118252475
221,RLC,1,167,0.07606196860457098
222,IAM,0,99,0.0
222,IAM,0,148,0.02052900739504162
222,IAM,0,128,0.022447096478969003
222,IAM,0,77,0.02336722422829504
222,IAM,0,121,0.04048796298955196
222,IAM,0,142,0.042315137029079346
222,IAM,0,149,0.05114818935305043
222,IAM,0,107,0.06086396171052177
223,IAM,0,208,0.0
223,ACM,0,217,0.18588453913415198
223,ANM,0,182,0.21156398836051854
223,REL,1,143,0.2615296451729139
223,RLC,1,120,0.354401066459918
224,IAM,0,154,0.0
224,ACM,0,131,0.061585479283171436
224,ANM,0,194,0.08876279322773878
224,REL,1,167,0.20571629306877562
224,RLC,1,107,0.2168640722573449
225,IAM,0,187,0.0
225,ACM,0,182,0.10025164833889033
225,ANM,0,122,0.11215532254106635
225,REL,1,150,0.11550426166355876
225,RLC,1,203,0.235986718310273
226,IAM,0,198,0.0
226,ACM,0,118,0.11607372768760763
226,ANM,0,159,0.12425164816016769
226,REL,1,102,0.1724984461406284
226,RLC,1,196,0.2893252851381633
227,IAM,0,176,0.0
227,ACM,0,187,0.04656684677482759
227,ANM,0,130,0.1017061334021034
227,REL,1,114,0.11413764518662116
227,RLC,1,163,0.1146726440278307
228,IAM,0,204,0.0
228,ACM,0,158,0.08363060497721642
228,REL,1,92,0.1536773169355531
228,RLC,1,97,0.2174264048874761
229,IAM,0,159,0.0
229,ACM,0,136,0.10081382820834955
229,ANM,0,212,0.18758666285240297
229,REL,1,192,0.2629523938513271
229,RLC,1,216,0.2692856780324999
230,IAM,0,189,0.0
230,ACM,0,196,0.10059353761171733
230,ANM,0,205,0.16700164956287666
230,REL,1,188,0.21119877278569932
230,RLC,1,165,0.24056870068334113
231,IAM,0,123,0.0
231,ACM,0,140,0.022887327528448922
231,ANM,0,197,0.038295530005846276
231,REL,1,163,0.06221126013678212
231,RLC,1,125,0.08164200653880666
232,IAM,0,193,0.0
232,ACM,0,155,0.11377131548488563
232,ANM,0,188,0.15268692020135982
232,REL,1,194,0.16190559150617378
232,RLC,1,103,0.18573224403395672
233,IAM,0,185,0.0
233,ACM,0,173,0.1382802164035371
233,ANM,0,139,0.1771755191644614
233,REL,1,102,0.17885722957366318
233,RLC,1,178,0.19688384907259815
234,IAM,0,189,0.0
234,ACM,0,153,0.05213518397598886
234,ANM,0,172,0.28694375266459066
234,REL,1,111,0.35789971391412695
234,RLC,1,119,0.39468011791321866
235,IAM,0,203,0.0
235,ACM,0,193,0.024526947472037607
235,ANM,0,210,0.16268077502266212
235,REL,1,188,0.16548171600081735
235,RLC,1,150,0.193079224805975
236,IAM,0,149,0.0
236,ACM,0,173,0.14257183454940545
236,REL,1,135,0.15363642066380803
236,RLC,1,113,0.19054161325724045
237,IAM,0,169,0.0
237,ACM,0,180,0.058154296266854116
237,ANM,0,178,0.07259707329666487
237,REL,1,139,0.1004713322980866
237,RLC,1,160,0.13112165641552054
238,IAM,0,107,0.0
238,ACM,0,132,0.025968623056963302
238,ANM,0,166,0.03585983263358221
238,REL,1,149,0.09472334306259898
238,RLC,1,127,0.11983026319557905
239,IAM,0,103,0.0
239,ACM,0,100,0.05746868548733146
239,ANM,0,112,0.06750608682344125
239,REL,1,178,0.11551604710953792
239,RLC,1,149,0.12343517865420472
240,IAM,0,187,0.0
240,ACM,0,174,0.05217435351417414
240,ANM,0,118,0.060602423785119736
240,REL,1,201,0.15941386642285146
240,RLC,1,118,0.20184835942643561
241,IAM,0,180,0.0
241,ACM,0,144,0.09647914081404588
241,ANM,0,184,0.10382053466047837
241,REL,1,172,0.12696544782430008
241,RLC,1,104,0.17254538064468422
242,IAM,0,200,0.0
242,ACM,0,90,0.030376224054403735
242,REL,1,139,0.04267915420760028
242,RLC,1,126,0.07788171905789937
243,IAM,0,219,0.0
243,ACM,0,126,0.044411569185066876
243,ANM,0,137,0.05054226509450056
243,REL,1,109,0.158388328693508
243,RLC,1,125,0.1815641911652249
244,IAM,0,153,0.0
244,ACM,0,124,0.044517245283886606
244,ANM,0,101,0.18884711049724373
244,REL,1,106,0.21198255229934873
244,RLC,1,216,0.22296053315689132
245,IAM,0,234,0.0
245,REL,1,161,0.02677215915748084
245,RLC,1,102,0.07214949424270749
246,IAM,0,168,0.0
246,ACM,0,101,0.10000992799269097
246,ANM,0,154,0.11146252296545245
246,REL,1,193,0.12219830107561627
246,RLC,1,167,0.2000652614801882
247,IAM,0,171,0.0
247,ACM,0,204,0.15349213023719793
247,ANM,0,146,0.16605493859980386
247,REL,1,119,0.2439157595275342
247,RLC,1,190,0.25506853813581626
248,IAM,0,198,0.0
248,ACM,0,109,0.03705295871145474
248,REL,1,154,0.0651687579426493
248,RLC,1,165,0.46264997551995984
249,IAM,0,147,0.0
249,ACM,0,103,0.09497156480373216
249,REL,1,101,0.09774579653891205
249,RLC,1,142,0.13838099180639715
250,IAM,0,131,0.0
250,ACM,0,134,0.09576568799119341
250,ANM,0,141,0.0989777815507657
250,REL,1,196,0.10314487663274718
250,RLC,1,178,0.11089596759239867
251,IAM,0,195,0.0
251,ACM,0,174,0.053808075280470574
251,ANM,0,170,0.10742679407738304
251,REL,1,118,0.11930248150786961
251,RLC,1,212,0.12293592926952415
252,IAM,0,183,0.0
252,ACM,0,116,0.073266632233557
252,ANM,0,108,0.17367914086615888
252,REL,1,116,0.19064941355876763
252,RLC,1,132,0.20718376577994294
253,IAM,0,205,0.0
253,ACM,0,138,0.199080001935793
253,ANM,0,134,0.23112859549332476
253,REL,1,210,0.34179818744244256
253,RLC,1,152,0.378708188313371
254,IAM,0,155,0.0
254,ACM,0,134,0.058119117495177716
254,ANM,0,118,0.09201969908581004
254,REL,1,131,0.13962220459025315
254,RLC,1,194,0.14008000253912217
255,IAM,0,146,0.0
255,ACM,0,131,0.04234443139710702
255,ANM,0,171,0.05486232397371522
255,REL,1,161,0.09991634983978623
255,RLC,1,196,0.1196960273938329
256,IAM,0,141,0.0
256,REL,1,149,0.021001921111298137
256,RLC,1,182,0.056559175469061355
257,IAM,0,136,0.0
257,IAM,0,148,0.030019811290095504
257,IAM,0,99,0.031041352593081856
257,IAM,0,125,0.03222425583416955
257,IAM,0,61,0.046505094955675216
257,IAM,0,81,0.051903787919849675
257,IAM,0,64,0.054614069485075786
257,IAM,0,123,0.06216772150079534
258,IAM,0,228,0.0
258,ACM,0,170,0.09813500920991455
258,REL,1,121,0.12472171295322121
258,RLC,1,107,0.12665457806337568
259,IAM,0,219,0.0
259,ACM,0,212,0.11114647582517637
259,ANM,0,114,0.20928657973493014
259,REL,1,148,0.2261160608776136
259,RLC,1,103,0.24581991075754506
260,IAM,0,184,0.0
260,ACM,0,132,0.21008814818435828
260,ANM,0,209,0.24947755055695964
260,REL,1,146,0.2894268365066068
260,RLC,1,114,0.3325682559274831
261,IAM,0,148,0.0
261,ACM,0,197,0.0703040948186397
261,ANM,0,161,0.0849057150494799
261,REL,1,123,0.12055521849478124
261,RLC,1,206,0.1268365366093725
262,IAM,0,229,0.0
262,ACM,0,177,0.10454252628573221
262,REL,1,111,0.21542430792142014
262,RLC,1,189,0.23999993443006554
263,IAM,0,112,0.0
263,ACM,0,205,0.14446784182899822
263,ANM,0,127,0.16216150457272327
263,REL,1,142,0.3711886209548728
263,RLC,1,201,0.39332595732710185
264,IAM,0,226,0.0
264,ACM,0,155,0.021261768563549464
264,REL,1,142,0.10781716734649494
264,RLC,1,125,0.19540868320929866
265,IAM,0,153,0.0
265,ACM,0,213,0.06946117515478022
265,ANM,0,148,0.0782780509740722
265,REL,1,118,0.14557933088756905
265,RLC,1,220,0.1755326103214489
266,IAM,0,187,0.0
266,ACM,0,155,0.017418765350577427
266,ANM,0,179,0.06006264031071891
266,REL,1,110,0.06100073394796574
266,RLC,1,206,0.15910482361604297
267,IAM,0,100,0.0
267,ACM,0,168,0.05024243573427976
267,ANM,0,184,0.07403205739717983
267,REL,1,191,0.11485390984612145
267,RLC,1,151,0.17314185198391618
268,IAM,0,136,0.0
268,ACM,0,155,0.12023748273998286
268,ANM,0,213,0.1350013742712943
268,REL,1,192,0.17662842808485416
268,RLC,1,215,0.2684618996968415
269,IAM,0,102,0.0
269,ACM,0,187,0.058182788538726805
269,ANM,0,177,0.10936411387645271
269,REL,1,103,0.1445014025077072
269,RLC,1,131,0.17348388118241775
270,IAM,0,231,0.0
270,REL,1,103,0.054156308713981145
270,RLC,1,146,0.08346452692868893
271,IAM,0,174,0.0
271,ACM,0,190,0.10220190916997755
271,ANM,0,198,0.23979890212755217
271,REL,1,192,0.24742275335621197
271,RLC,1,201,0.2579026409221216
272,IAM,0,100,0.0
272,ACM,0,143,0.05036139728237508
272,ANM,0,187,0.06835720282413166
272,REL,1,176,0.3128793660847543
272,RLC,1,161,0.3706389060335454
273,IAM,0,122,0.0
273,ACM,0,169,0.018666413448621605
273,ANM,0,134,0.027094154659123022
273,REL,1,169,0.038319355927709506
273,RLC,1,219,0.04958793733440463
274,IAM,0,111,0.0
274,ACM,0,168,0.1319886507548168
274,ANM,0,161,0.17067434357463862
274,REL,1,140,0.19074490925539528
274,RLC,1,159,0.26614827914297234
275,IAM,0,164,0.0
275,REL,1,168,0.11783459777704018
275,RLC,1,104,0.12375245478181686
276,IAM,0,157,0.0
276,ACM,0,100,0.01444052750399039
276,ANM,0,190,0.10103036440849539
276,REL,1,155,0.1286211825320264
276,RLC,1,130,0.2941122015553722
277,IAM,0,187,0.0
277,ACM,0,111,0.12334027589715599
277,ANM,0,176,0.152475404938557
277,REL,1,184,0.19723061282391566
277,RLC,1,169,0.23384562941653567
278,IAM,0,207,0.0
278,ACM,0,168,0.10942279025612653
278,ANM,0,182,0.10974162814724951
278,REL,1,205,0.14439855287459646
278,RLC,1,210,0.18211888029771667
279,IAM,0,191,0.0
279,ACM,0,176,0.034370612163739024
279,ANM,0,156,0.08449736867843374
279,REL,1,115,0.08632354684813309
279,RLC,1,220,0.08832417482828733
280,IAM,0,126,0.0
280,ACM,0,106,0.1928773883588455
280,ANM,0,145,0.2643346588967674
280,REL,1,194,0.28534975173966726
280,RLC,1,140,0.32324032281536125
281,IAM,0,217,0.0
281,ACM,0,119,0.03034842148574071
281,ANM,0,142,0.05777263343022826
281,REL,1,113,0.10224882288390025
281,RLC,1,114,0.2489628798204157
282,IAM,0,115,0.0
282,ACM,0,197,0.05187132033576899
282,ANM,0,156,0.057400104146718284
282,REL,1,147,0.14749627798248216
282,RLC,1,134,0.15265119181051734
283,IAM,0,119,0.0
283,ACM,0,100,0.1768461351315759
283,ANM,0,174,0.19655829927495272
283,REL,1,201,0.23689776079451622
283,RLC,1,213,0.2509801826207894
284,IAM,0,132,0.0
284,ACM,0,143,0.08462837526664072
284,ANM,0,213,0.11855661175804538
284,REL,1,101,0.13907258293405605
284,RLC,1,194,0.16225670330471084
285,IAM,0,130,0.0
285,ACM,0,157,0.024993665662909212
285,ANM,0,187,0.06104970941686201
285,REL,1,151,0.10572278384563721
285,RLC,1,191,0.1389817594332021
286,IAM,0,120,0.0
286,ACM,0,166,0.016423878449482905
286,ANM,0,137,0.09448171330685187
286,REL,1,178,0.11953163941181894
286,RLC,1,187,0.20353619397258324
287,IAM,0,173,0.0
287,ACM,0,178,0.09012649464289828
287,ANM,0,177,0.1285330762444862
287,REL,1,167,0.13697476027645844
287,RLC,1,108,0.18046995002038801
288,IAM,0,182,0.0
288,ACM,0,184,0.04148262141524714
288,ANM,0,218,0.07324533707318648
288,REL,1,157,0.08457143350094676
288,RLC,1,112,0.08525902717376592
289,IAM,0,187,0.0
289,ACM,0,188,0.001733150898035155
289,ANM,0,103,0.029930752552767
289,REL,1,199,0.0733699390324491
289,RLC,1,220,0.07359626993318003
290,IAM,0,186,0.0
290,ACM,0,103,0.014615921779078073
290,ANM,0,145,0.04139186034158682
290,REL,1,211,0.1567992338300292
290,RLC,1,196,0.2236003242191908
291,IAM,0,166,0.0
291,ACM,0,180,0.03896918028694495
291,ANM,0,153,0.08074892460077826
291,REL,1,127,0.08827735730301342
291,RLC,1,174,0.09554737727071849
292,IAM,0,151,0.0
292,ACM,0,108,0.05619403757632263
292,ANM,0,131,0.05834309538494159
292,REL,1,213,0.10709563707916404
292,RLC,1,126,0.11499014540543419
293,IAM,0,212,0.0
293,REL,1,183,0.19147841740439683
293,RLC,1,189,0.20414367185557625
294,IAM,0,196,0.0
294,ACM,0,182,0.056540076724743454
294,ANM,0,209,0.08712578239118439
294,REL,1,100,0.09179229393283721
294,RLC,1,206,0.09565535411135627
295,IAM,0,81,0.0
295,IAM,0,133,0.027301611613938837
295,IAM,0,121,0.04395047030874117
295,IAM,0,91,0.04558453365695951
295,IAM,0,145,0.049424098542606286
295,IAM,0,130,0.061948637843994576
295,IAM,0,133,0.06982577978721091
295,IAM,0,62,0.07944838651275024
296,IAM,0,186,0.0
296,ACM,0,200,0.07111038654291824
296,ANM,0,100,0.08275384525531428
296,REL,1,125,0.09002293375966942
296,RLC,1,160,0.13891962753025808
297,IAM,0,199,0.0
297,ACM,0,205,0.09858896887278992
297,ANM,0,104,0.11454316465026157
297,REL,1,201,0.12189059290032588
297,RLC,1,160,0.17249718359707145
298,IAM,0,179,0.0
298,ACM,0,120,0.1344179350146132
298,ANM,0,178,0.1454421371692723
298,REL,1,113,0.18396809061069874
298,RLC,1,113,0.2178128291971773
299,IAM,0,104,0.0
299,ACM,0,192,0.02222281600248392
299,ANM,0,209,0.07527886370235969
299,REL,1,189,0.08820321917618348
299,RLC,1,107,0.09836256057407561
300,IAM,0,161,0.0
300,ACM,0,178,0.051081471449724775
300,ANM,0,158,0.0674692073404726
300,REL,1,113,0.0985264801064703
300,RLC,1,193,0.14077821301358034
301,IAM,0,213,0.0
301,ACM,0,153,0.03601780594243945
301,ANM,0,103,0.06278617680681772
301,REL,1,216,0.09480245293530123
301,RLC,1,129,0.11641176162968704
302,IAM,0,160,0.0
302,ACM,0,129,0.2789027131855253
302,ANM,0,165,0.3591818982111337
302,REL,1,135,0.3989939527368683
302,RLC,1,152,0.3999337055981444
303,IAM,0,109,0.0
303,ACM,0,155,0.05529976255816631
303,ANM,0,192,0.0561322051885802
303,REL,1,184,0.10768378560782793
303,RLC,1,162,0.1565028570809842
304,IAM,0,111,0.0
304,ACM,0,213,0.03527922498043926
304,ANM,0,140,0.05078824951141459
304,REL,1,214,0.06302396218858523
304,RLC,1,139,0.08082057268084464
305,IAM,0,129,0.0
305,ACM,0,192,0.0407524329681468
305,ANM,0,210,0.048141234809353256
305,REL,1,212,0.07068412098378923
305,RLC,1,113,0.10214190803732251
306,IAM,0,127,0.0
306,ACM,0,102,0.25012539956302676
306,ANM,0,213,0.26032980126389227
306,REL,1,103,0.28154637954232253
306,RLC,1,212,0.282400473600814
307,IAM,0,147,0.0
307,ACM,0,192,0.18143418909395145
307,ANM,0,135,0.20099007747674583
307,REL,1,175,0.2068889817045652
307,RLC,1,143,0.3089875257059002
308,IAM,0,211,0.0
308,ACM,0,101,0.09554795791668616
308,REL,1,106,0.10107010468494747
308,RLC,1,112,0.12714497927375418
309,IAM,0,136,0.0
309,ACM,0,138,0.1100545481033322
309,ANM,0,196,0.2674096852420226
309,REL,1,104,0.26984246655795185
309,RLC,1,113,0.4028240723892892
310,IAM,0,235,0.0
310,REL,1,99,0.010874924004155608
310,RLC,1,186,0.032961672788581045
311,IAM,0,148,0.0
311,ACM,0,213,0.03222693502603137
311,ANM,0,115,0.04712417925952753
311,REL,1,157,0.13541008170038044
311,RLC,1,195,0.15954008323782345
312,IAM,0,185,0.0
312,ACM,0,109,0.06757922112584834
312,ANM,0,201,0.09611656649562834
312,REL,1,142,0.23561460375461002
312,RLC,1,176,0.26777832160529297
313,IAM,0,160,0.0
313,REL,1,131,0.01414360288048977
313,RLC,1,120,0.01803642834698855
314,IAM,0,160,0.0
314,ACM,0,216,0.03498902361677542
314,ANM,0,100,0.05006054520005456
314,REL,1,147,0.051466854370100484
314,RLC,1,191,0.079629564352839
315,IAM,0,133,0.0
315,ACM,0,218,0.20271116726339744
315,ANM,0,160,0.24032948293673673
315,REL,1,184,0.2772289455701399
315,RLC,1,217,0.27866106311446637
316,IAM,0,213,0.0
316,ACM,0,142,0.07973167203325077
316,ANM,0,144,0.1277147415461357
316,REL,1,209,0.16822140428501786
316,RLC,1,168,0.4504845854856277
317,IAM,0,171,0.0
317,ACM,0,101,0.010408758155209811
317,ANM,0,215,0.015590198670233424
317,REL,1,155,0.018718613527038862
317,RLC,1,149,0.05237882662237657
318,IAM,0,163,0.0
318,ACM,0,197,0.07884480069426161
318,ANM,0,108,0.19443898327667786
318,REL,1,163,0.19891211021412405
318,RLC,1,168,0.26838194224977463
319,IAM,0,172,0.0
319,ACM,0,185,0.009554757938509233
319,ANM,0,181,0.042253349151330014
319,REL,1,186,0.07662631033507039
319,RLC,1,167,0.07952263561057492
320,IAM,0,145,0.0
320,REL,1,119,0.058777550527064806
320,RLC,1,119,0.08700477601609038
321,IAM,0,187,0.0
321,ACM,0,148,0.06768462314557185
321,REL,1,111,0.10605144940501011
321,RLC,1,171,0.1528241264674403
322,IAM,0,168,0.0
322,ACM,0,148,0.19103921413388042
322,ANM,0,179,0.2883158137389239
322,REL,1,169,0.3615380886573829
322,RLC,1,143,0.36987810963663315
323,IAM,0,197,0.0
323,ACM,0,152,0.11571735629021368
323,ANM,0,197,0.12975627766069017
323,REL,1,124,0.14411796008078792
323,RLC,1,161,0.1779797415057848
324,IAM,0,182,0.0
324,ACM,0,213,0.07192239988958318
324,ANM,0,143,0.08035437807084969
324,REL,1,200,0.209114736448003
324,RLC,1,198,0.241661844642413
325,IAM,0,205,0.0
325,REL,1,146,0.038482611517375
325,RLC,1,108,0.07199608970634834
326,IAM,0,186,0.0
326,ACM,0,105,0.03896686574695367
326,ANM,0,128,0.07845770961010923
326,REL,1,174,0.10049511758403563
326,RLC,1,171,0.14320553433123095
327,IAM,0,130,0.0
327,ACM,0,189,0.1685860136522323
327,ANM,0,197,0.18752340455497166
327,REL,1,126,0.2506364380042877
327,RLC,1,154,0.26713697599302344
328,IAM,0,109,0.0
328,ACM,0,205,0.009168082967847477
328,ANM,0,187,0.07498773649171858
328,REL,1,125,0.09388143199121815
328,RLC,1,192,0.11918419149560161
329,IAM,0,124,0.0
329,ACM,0,137,0.21357306851047292
329,ANM,0,151,0.2560054038619586
329,REL,1,113,0.2680416135980036
329,RLC,1,198,0.3018370434422404
330,IAM,0,168,0.0
330,ACM,0,152,0.04486149014485368
330,ANM,0,159,0.08947042152036759
330,REL,1,133,0.10563421842832973
330,RLC,1,199,0.12961741738696203
331,IAM,0,125,0.0
331,ACM,0,113,0.03922748920703205
331,ANM,0,139,0.04081097367628514
331,REL,1,167,0.06895481354041681
331,RLC,1,164,0.0950372648912216
332,IAM,0,149,0.0
332,ACM,0,203,0.035762690286165105
332,ANM,0,116,0.053715413886275765
332,REL,1,109,0.07908956900737002
332,RLC,1,120,0.10322632107719425
333,IAM,0,124,0.0
333,ACM,0,179,0.01267593180768185
333,ANM,0,141,0.04205218796758335
333,REL,1,209,0.06390839314559738
333,RLC,1,128,0.08086026325997593
334,IAM,0,195,0.0
334,ACM,0,148,0.1721716631787469
334,ANM,0,158,0.2918634093352211
334,REL,1,143,0.3353947502624187
334,RLC,1,166,0.3704756660603016
335,IAM,0,193,0.0
335,ACM,0,200,0.13507523788593023
335,ANM,0,156,0.13925512772135454
335,REL,1,215,0.15903425371130173
335,RLC,1,111,0.1598978146761537
336,IAM,0,188,0.0
336,ACM,0,170,0.06259937641149046
336,ANM,0,172,0.07197837257669612
336,REL,1,123,0.10680090652794849
336,RLC,1,169,0.11194336493855633
337,IAM,0,208,0.0
337,ACM,0,140,0.06883067822828914
337,ANM,0,184,0.07529685067620809
337,REL,1,155,0.15064372557764844
337,RLC,1,107,0.1514024750387514
338,IAM,0,166,0.0
338,ACM,0,162,0.06519923130211908
338,ANM,0,141,0.11677180584457547
338,REL,1,109,0.18202025710237346
338,RLC,1,159,0.23962803978298025
339,IAM,0,177,0.0
339,ACM,0,147,0.09196693416730145
339,ANM,0,205,0.09260461990460257
339,REL,1,207,0.24955599503271092
339,RLC,1,196,0.26608274438498913
340,IAM,0,155,0.0
340,ACM,0,167,0.027078333043317637
340,ANM,0,213,0.19485955619401554
340,REL,1,190,0.2435538975910357
340,RLC,1,201,0.24380760704456353
341,IAM,0,111,0.0
341,ACM,0,166,0.11218704145258995
341,ANM,0,197,0.14133637253613357
341,REL,1,178,0.1445860769066577
341,RLC,1,200,0.21100595530832228
342,IAM,0,146,0.0
342,ACM,0,153,0.08546250066129789
342,REL,1,168,0.14555188844023975
342,RLC,1,128,0.21508901940134467
343,IAM,0,108,0.0
343,IAM,0,64,0.027145911985399077
343,IAM,0,119,0.0364176447286767
343,IAM,0,112,0.039388211316481375
343,IAM,0,96,0.040542914495585496
343,IAM,0,121,0.04512365692811834
343,IAM,0,122,0.04686867611565159
343,IAM,0,78,0.048950509150319586
344,IAM,0,134,0.0
344,IAM,0,95,0.012796996327048652
344,IAM,0,70,0.028506450004283916
344,IAM,0,76,0.033551228359608526
344,IAM,0,66,0.036501257469763626
344,IAM,0,142,0.03680940799099269
344,IAM,0,120,0.046589663035811545
344,IAM,0,137,0.053923723334452875
345,IAM,0,112,0.0
345,IAM,0,115,0.007132699598803931
345,IAM,0,72,0.03286322154744485
345,IAM,0,105,0.033801813259846554
345,IAM,0,109,0.04472840944093862
345,IAM,0,111,0.05714571697523464
345,IAM,0,139,0.065201092612115
345,IAM,0,149,0.07436693995956137
346,IAM,0,205,0.0
346,ACM,0,206,0.14523858499735215
346,ANM,0,202,0.16050256996702614
346,REL,1,120,0.19583147750616176
346,RLC,1,129,0.20222294792396284
347,IAM,0,213,0.0
347,ACM,0,100,0.06339006120226946
347,ANM,0,123,0.0899018949157499
347,REL,1,148,0.11631789598415393
347,RLC,1,163,0.12581727550457847
348,IAM,0,203,0.0
348,ACM,0,124,0.1340212369537484
348,ANM,0,203,0.1748199192785972
348,REL,1,142,0.1971237307724339
348,RLC,1,219,0.29487083439770445
349,IAM,0,220,0.0
349,ACM,0,138,0.12476248661517043
349,ANM,0,196,0.17102868486803416
349,REL,1,182,0.18927697750775382
349,RLC,1,108,0.1899524462551604
350,IAM,0,137,0.0
350,ACM,0,205,0.05243475576232177
350,ANM,0,154,0.05287195320000261
350,REL,1,173,0.12034916083836399
350,RLC,1,190,0.15232265832692782
351,IAM,0,103,0.0
351,ACM,0,182,0.10040735154766829
351,ANM,0,176,0.2041825796794178
351,REL,1,207,0.21953375938509173
351,RLC,1,104,0.22172087052293943
352,IAM,0,189,0.0
352,ACM,0,198,0.04891530084462277
352,ANM,0,209,0.1253041606311331
352,REL,1,128,0.1602016735723667
352,RLC,1,178,0.19999349876915073
353,IAM,0,171,0.0
353,ACM,0,157,0.057842700832082115
353,ANM,0,120,0.12668248788841271
353,REL,1,109,0.1341275788309052
353,RLC,1,192,0.16432110545636783
354,IAM,0,240,0.0
354,REL,1,128,0.033311424864397386
354,RLC,1,142,0.03944621846705361
355,IAM,0,209,0.0
355,REL,1,154,0.10793371150133504
355,RLC,1,110,0.11297883979443596
356,IAM,0,163,0.0
356,ACM,0,209,0.014127159044424024
356,ANM,0,197,0.05194811317302574
356,REL,1,147,0.06359637244316949
356,RLC,1,165,0.07353322306945473
357,IAM,0,204,0.0
357,ACM,0,102,0.07309324270080945
357,ANM,0,174,0.13368820293111752
357,REL,1,110,0.20188737548941466
357,RLC,1,175,0.2157224316767558
358,IAM,0,205,0.0
358,ACM,0,200,0.1389216220497447
358,ANM,0,197,0.18370423420066745
358,REL,1,216,0.2035614667195558
358,RLC,1,104,0.27005891552359895
359,IAM,0,171,0.0
359,ACM,0,163,0.07464879370700024
359,ANM,0,127,0.13128339426415858
359,REL,1,183,0.15813440506776183
359,RLC,1,131,0.2303284204765719
360,IAM,0,166,0.0
360,REL,1,181,0.0035114856118169204
360,RLC,1,172,0.022899572341440324
361,IAM,0,184,0.0
361,ACM,0,130,0.08009704903701018
361,ANM,0,213,0.12644789585074334
361,REL,1,128,0.14705152560274168
361,RLC,1,168,0.19568598053270292
362,IAM,0,120,0.0
362,IAM,0,148,0.01708614247954583
362,IAM,0,101,0.01921765830728756
362,IAM,0,122,0.033366180122981995
362,IAM,0,116,0.033964416887521776
362,IAM,0,118,0.04485720654784504
362,IAM,0,65,0.04689746924063441
362,IAM,0,92,0.048851433666465355
363,IAM,0,91,0.0
363,IAM,0,129,0.008059921003846216
363,IAM,0,87,0.01066834993691912
363,IAM,0,144,0.012902216430090038
363,IAM,0,123,0.02433868926659974
363,IAM,0,143,0.02741956031280576
363,IAM,0,147,0.028580010812737734
363,IAM,0,102,0.039004088925081136
364,IAM,0,149,0.0
364,ACM,0,128,0.022362529856055743
364,ANM,0,206,0.07745660465528621
364,REL,1,155,0.1365069879074484
364,RLC,1,219,0.16399603018424255
365,IAM,0,183,0.0
365,ACM,0,148,0.07056220245526293
365,ANM,0,159,0.0937481788733534
365,REL,1,138,0.11320131067701487
365,RLC,1,194,0.28453898320343124
366,IAM,0,103,0.0
366,ACM,0,112,0.06795945939233497
366,ANM,0,160,0.14827729461164957
366,REL,1,133,0.24262690494504546
366,RLC,1,146,0.2470330120984392
367,IAM,0,117,0.0
367,ACM,0,193,0.07436068208006487
367,ANM,0,143,0.1049477092066502
367,REL,1,124,0.27751752166578947
367,RLC,1,140,0.3879330474236871
368,IAM,0,111,0.0
368,ACM,0,138,0.04847193461859357
368,ANM,0,152,0.11202918973149135
368,REL,1,209,0.1165134616763017
368,RLC,1,180,0.2832743725748558
369,IAM,0,147,0.0
369,ACM,0,154,0.07561848220037994
369,ANM,0,137,0.07660747156438769
369,REL,1,216,0.18382790399884325
369,RLC,1,158,0.25846980277041814
370,IAM,0,118,0.0
370,ACM,0,171,0.02110743320731257
370,ANM,0,164,0.0953782281427743
370,REL,1,136,0.14539004727574967
370,RLC,1,202,0.15936936388028566
371,IAM,0,152,0.0
371,ACM,0,201,0.03186623017787783
371,ANM,0,159,0.040440670699505986
371,REL,1,212,0.13754674262164002
371,RLC,1,160,0.15255148625881085
372,IAM,0,141,0.0
372,ACM,0,207,0.19317721947369226
372,ANM,0,170,0.20022743104269164
372,REL,1,135,0.20138816125146938
372,RLC,1,140,0.2895064712463521
373,IAM,0,212,0.0
373,ACM,0,158,0.020662226117723632
373,ANM,0,137,0.06284412380646677
373,REL,1,137,0.06617708700073342
373,RLC,1,158,0.06863438008607935
374,IAM,0,195,0.0
374,ACM,0,203,0.044582305442607405
374,ANM,0,207,0.08730942155791632
374,REL,1,102,0.10525334493349696
374,RLC,1,177,0.19967763401518343
375,IAM,0,160,0.0
375,ACM,0,213,0.03055680278821624
375,ANM,0,103,0.04332777306435431
375,REL,1,156,0.07389294393315868
375,RLC,1,206,0.0752590485789585
376,IAM,0,175,0.0
376,ACM,0,163,0.11232836741000454
376,ANM,0,209,0.1430039351310705
376,REL,1,197,0.18693536505325126
376,RLC,1,216,0.20587746467544926
377,IAM,0,192,0.0
377,ACM,0,148,0.07364833280495292
377,ANM,0,115,0.09444550574496821
377,REL,1,120,0.13122367111389915
377,RLC,1,193,0.15825370934385655
378,IAM,0,113,0.0
378,ACM,0,186,0.053410435709180554
378,ANM,0,156,0.05599967947077672
378,REL,1,215,0.17222221720210995
378,RLC,1,168,0.17734910347348395
379,IAM,0,124,0.0
379,ACM,0,137,0.18679908970229941
379,ANM,0,188,0.21060666371848785
379,REL,1,150,0.2701991174269029
379,RLC,1,102,0.31652842705497536
380,IAM,0,152,0.0
380,ACM,0,171,0.008622853603124769
380,ANM,0,125,0.022642654888046794
380,REL,1,211,0.13052235587564567
380,RLC,1,151,0.1776266502866258
381,IAM,0,202,0.0
381,ACM,0,143,0.10051431179486156
381,ANM,0,178,0.11356210003077064
381,REL,1,185,0.18132022637015993
381,RLC,1,136,0.2074616143193222
382,IAM,0,207,0.0
382,ACM,0,195,0.075101149326189
382,ANM,0,109,0.0802754324135087
382,REL,1,216,0.09007671910264609
382,RLC,1,172,0.09545666549282451
383,IAM,0,178,0.0
383,ACM,0,205,0.04740700509798728
383,ANM,0,101,0.06767171485448253
383,REL,1,102,0.17944602502218965
383,RLC,1,200,0.2222559049781498
384,IAM,0,168,0.0
384,ACM,0,109,0.040757886618153515
384,ANM,0,184,0.11973798933998023
384,REL,1,174,0.1611135707930619
384,RLC,1,195,0.3640682084251582
385,IAM,0,105,0.0
385,IAM,0,144,0.03554220807245014
385,IAM,0,143,0.05329893819494887
385,IAM,0,145,0.053368952941214
385,IAM,0,102,0.05798149329057311
385,IAM,0,125,0.05974677639183137
385,IAM,0,67,0.0740326321101341
385,IAM,0,138,0.07571363639963712
386,IAM,0,179,0.0
386,REL,1,139,0.023948347669374564
386,RLC,1,179,0.04502773025323231
387,IAM,0,101,0.0
387,ACM,0,169,0.03176694224422941
387,ANM,0,177,0.06816349547165965
387,REL,1,161,0.10821677876865388
387,RLC,1,187,0.19012716353358206
388,IAM,0,188,0.0
388,ACM,0,137,0.07991847792512505
388,ANM,0,118,0.1271564335723986
388,REL,1,123,0.1295847634200014
388,RLC,1,143,0.14178324338793832
389,IAM,0,208,0.0
389,ACM,0,148,0.0690524912722178
389,ANM,0,174,0.17259596564952148
389,REL,1,194,0.21290623883212914
389,RLC,1,104,0.22002341674639708
390,IAM,0,210,0.0
390,ACM,0,133,0.13376279020393225
390,ANM,0,113,0.22357471585559965
390,REL,1,169,0.24061683989269902
390,RLC,1,109,0.2669373695028441
391,IAM,0,150,0.0
391,ACM,0,124,0.03350490564855173
391,ANM,0,133,0.046235105904362264
391,REL,1,122,0.10505418591216106
391,RLC,1,137,0.1333190998645774
392,IAM,0,109,0.0
392,ACM,0,158,0.09869078765859723
392,ANM,0,110,0.1054150485980382
392,REL,1,169,0.1747394624085457
392,RLC,1,139,0.17798975850475401
393,IAM,0,110,0.0
393,ACM,0,170,0.04581314988089463
393,ANM,0,120,0.0687941230301387
393,REL,1,175,0.07044925537223436
393,RLC,1,219,0.10084302106737567
394,IAM,0,112,0.0
394,ACM,0,125,0.03786143104516872
394,ANM,0,159,0.09877824093084817
394,REL,1,141,0.10653023859742522
394,RLC,1,154,0.14180717045455846
395,IAM,0,162,0.0
395,ACM,0,124,0.15687461941523123
395,ANM,0,215,0.16596753763369326
395,REL,1,149,0.18102426287898166
395,RLC,1,194,0.2282833838822804
396,IAM,0,182,0.0
396,ACM,0,97,0.07516780507877252
396,REL,1,121,0.14306402095334106
396,RLC,1,187,0.18513318724704567
397,IAM,0,196,0.0
397,ACM,0,104,0.0621554673034541
397,ANM,0,186,0.07186447427463546
397,REL,1,173,0.1380700708858129
397,RLC,1,173,0.17337294413665394
398,IAM,0,183,0.0
398,ACM,0,180,0.18703591344969778
398,ANM,0,153,0.19181811051687261
398,REL,1,207,0.2012429128974602
398,RLC,1,106,0.2564577190583796
399,IAM,0,127,0.0
399,ACM,0,212,0.06694304194818396
399,ANM,0,129,0.09147573037733954
399,REL,1,196,0.1106671475757331
399,RLC,1,167,0.13909747921986523
400,IAM,0,146,0.0
400,ACM,0,157,0.06586894063209879
400,ANM,0,216,0.0691415831051711
400,REL,1,206,0.14154701318547613
400,RLC,1,146,0.1797300280327062
401,IAM,0,207,0.0
401,ACM,0,203,0.08052363298261091
401,ANM,0,213,0.18369074456153334
401,REL,1,111,0.18966077148258692
401,RLC,1,123,0.1919612948318112
402,IAM,0,160,0.0
402,ACM,0,120,0.04513336754603677
402,REL,1,170,0.07275649955549768
402,RLC,1,162,0.15020744150224388
403,IAM,0,189,0.0
403,ACM,0,106,0.0263934715145195
403,ANM,0,171,0.046604246039420726
403,REL,1,188,0.05193548088569435
403,RLC,1,103,0.08657978331825836
404,IAM,0,188,0.0
404,REL,1,108,0.04068311299055295
404,RLC,1,129,0.06978745206547718
405,IAM,0,176,0.0
405,ACM,0,186,0.016031352775776497
405,ANM,0,219,0.06369544695866644
405,REL,1,147,0.1219459028737527
405,RLC,1,131,0.13631661884020135
406,IAM,0,202,0.0
406,ACM,0,171,0.1452311923249501
406,ANM,0,154,0.2600267503531347
406,REL,1,178,0.30961895352910307
406,RLC,1,156,0.3577585612048185
407,IAM,0,222,0.0
407,ACM,0,182,0.07031470837730777
407,REL,1,138,0.2577676354815315
407,RLC,1,122,0.28707682889516506
408,IAM,0,148,0.0
408,ACM,0,125,0.13627480008112663
408,ANM,0,107,0.2934779212732245
408,REL,1,124,0.3019094487951165
408,RLC,1,116,0.3048431075991534
