flow_id,packet_count,flow_duration,avg_packet_size,iat_mean,total_bytes
0,5,0.42831912079472995,153.6,0.21012963825041547,768
1,5,0.04265477110666022,177.6,0.029850944792520727,888
2,5,0.1595470968712575,181.8,0.1163180932898297,909
3,5,0.26226909684988015,166.4,0.09943021390795083,832
4,4,0.12346007602006841,160.75,0.1055672972307761,643
5,4,0.1721118444771944,160.0,0.1325700588568161,640
6,5,0.4409802262295567,170.8,0.22417430155861431,854
7,5,0.15769195978444117,157.6,0.05293191880061181,788
8,3,0.1418571799027571,166.33333333333334,0.09896373551405781,499
9,5,0.2508985020624773,202.4,0.1615591893274337,1012
10,5,0.3239623174682391,169.4,0.16098432709710292,847
11,5,0.276350380868164,144.0,0.19770441186604154,720
12,4,0.5076699529498673,138.0,0.3079864067215239,552
13,5,0.24779893067723935,188.2,0.15411316546914827,941
14,5,0.15316490655359832,170.6,0.10053460314867654,853
15,5,0.1498933170505925,132.8,0.08287102132398164,664
16,8,0.06464310071262405,107.5,0.030184505529648555,860
17,5,0.2518971203270122,165.2,0.14869390557406992,826
18,5,0.22819221835414155,150.6,0.11955729490393467,753
19,4,0.19138147783918297,156.5,0.18105883706721898,626
20,5,0.05276716974843981,137.4,0.028701043027183883,687
21,5,0.24559462550692077,186.6,0.15044015778667616,933
22,5,0.20398510498871086,133.0,0.14190793877133762,665
23,5,0.13675136475162078,157.0,0.10419805772447148,785
24,4,0.21483411014244352,143.5,0.09737464089178954,574
25,5,0.14954365621734933,144.0,0.09414528485411053,720
26,5,0.17881177993797978,133.6,0.09856687017353838,668
27,5,0.1469589311021263,174.2,0.10530570090877296,871
28,3,0.13594711894797634,143.33333333333334,0.10660835303453337,430
29,5,0.2370539265210923,177.0,0.15877510366367847,885
30,5,0.2063752649125482,172.8,0.09750060689082538,864
31,4,0.15796300911069786,163.25,0.079653453046825,653
32,5,0.11001274427844177,159.2,0.07826700010492679,796
33,5,0.29159663218704945,162.6,0.21724773816991233,813
34,5,0.13470562500656985,149.0,0.0831380070689264,745
35,4,0.2611009127154493,149.75,0.1743907866540012,599
36,4,0.06518728571071147,166.0,0.04820129671353024,664
37,5,0.1588509856208517,163.6,0.08824864899989787,818
38,5,0.19639390891575517,182.2,0.11193009036631626,911
39,5,0.13520087432231087,138.0,0.11832652543503668,690
40,3,0.05589954220272575,186.66666666666666,0.03130820238477859,560
41,5,0.28408552776041585,163.8,0.14187855104365193,819
42,5,0.11537889847833076,143.0,0.09556251257908457,715
43,5,0.11441445062280849,181.8,0.05147471327621106,909
44,5,0.1302939606709032,160.6,0.05147151967771181,803
45,4,0.11371503538500283,137.25,0.054450755443728634,549
46,5,0.10958661094651656,152.0,0.04961176491162155,760
47,3,0.09222953848569657,173.33333333333334,0.04619952356442438,520
48,5,0.08680434431600817,170.2,0.043875533805896025,851
49,5,0.2896112727950282,160.0,0.23049045209841074,800
50,5,0.30069183211318845,170.8,0.20583873162752533,854
51,5,0.22714715354822232,127.8,0.08214022203116851,639
52,5,0.1435650236746802,177.4,0.09297405140919472,887
53,5,0.3923358228472302,161.0,0.2251058018122071,805
54,5,0.15693569067159488,153.2,0.10783690689202423,766
55,5,0.10572654874863427,153.2,0.06249540915295437,766
56,5,0.16206629713669216,160.8,0.08479795260947902,804
57,5,0.1649834002563632,186.8,0.10850025597486161,934
58,5,0.09250512443298788,184.8,0.04836108991317911,924
59,5,0.11396398026499548,153.4,0.043503533793822546,767
60,4,0.3066447395772029,161.25,0.15523536289104792,645
61,5,0.23312628843347727,152.0,0.12313130741195581,760
62,5,0.22267181785997053,160.4,0.1612339070868166,802
63,5,0.20262893914617697,166.2,0.11299602334325551,831
64,4,0.1489300091039707,141.5,0.08755175399270726,566
65,5,0.17449716819869862,140.4,0.13758949869575504,702
66,5,0.1694255482614681,136.0,0.12949626056371782,680
67,5,0.1330711372901876,175.8,0.10482986413745796,879
68,5,0.21962064043644694,197.8,0.1439469042826573,989
69,4,0.1084833967387624,140.0,0.05435726082042525,560
70,5,0.09265919603677264,165.6,0.06160631960583331,828
71,5,0.2728259120545216,153.2,0.07574714645105907,766
72,5,0.13722659650658764,135.8,0.07439956308610869,679
73,5,0.23768801235370868,128.8,0.13945806954242412,644
74,5,0.285730381735341,153.0,0.23467886455943784,765
75,5,0.21042800452900579,151.4,0.11616534680481569,757
76,5,0.0470499468383347,164.4,0.029880586711117006,822
77,5,0.11727864498899562,132.2,0.09178467560324463,661
78,5,0.2553283652979031,175.8,0.12588872671630974,879
79,5,0.2413939289651986,187.8,0.15824337755944343,939
80,5,0.12501307553117805,184.0,0.06625162126997064,920
81,5,0.4059947024300157,149.6,0.26299126423855024,748
82,5,0.11928402385395317,180.2,0.06839728097798208,901
83,5,0.2704394615497433,164.8,0.21337251620228265,824
84,5,0.10964136991656123,143.0,0.05484072572839012,715
85,5,0.1445687784228193,159.2,0.0786155064835718,796
86,8,0.09138126782319515,104.875,0.06590304700070314,839
87,5,0.12244395855265129,164.8,0.08319172996902027,824
88,4,0.14211601368192625,186.75,0.08047745210249427,747
89,5,0.14218206210529466,168.6,0.09255565143385351,843
90,5,0.1430572395279435,159.6,0.0848080689612049,798
91,5,0.11952006025920617,148.6,0.06803272373976525,743
92,5,0.18323868673719004,173.8,0.08531840346088115,869
93,5,0.29903098852496407,192.8,0.17377561902034944,964
94,5,0.16140338144484212,159.4,0.11853708587196829,797
95,5,0.14807168645752905,158.8,0.08638104832418368,794
96,8,0.05755686563150511,99.875,0.030079526382532164,799
97,5,0.2725561083219363,138.8,0.21215397722391213,694
98,5,0.09006918689804987,160.6,0.04015306572694296,803
99,5,0.17244119705786837,164.8,0.11377234797505902,824
100,8,0.10233987437968628,122.625,0.05937903469964422,981
101,5,0.29192141513320846,180.2,0.11675111583506936,901
102,5,0.21658379312927048,160.2,0.13231880148618627,801
103,5,0.19498469550675368,131.6,0.10143907333252167,658
104,5,0.2810743597184784,154.8,0.1338623071365977,774
105,5,0.2848741437596839,181.0,0.16898113770067,905
106,5,0.09384431003121631,171.8,0.030374770829014203,859
107,5,0.13578316538511695,166.6,0.08567738989713192,833
108,5,0.05551035544240835,184.8,0.038791296407214675,924
109,3,0.10109118833295877,153.66666666666666,0.06754689954654713,461
110,5,0.2433566472205794,146.4,0.17371014282755853,732
111,5,0.14891567645591228,152.8,0.08141257312346555,764
112,3,0.1308496100089812,152.33333333333334,0.058537595611848826,457
113,5,0.3931510943323858,168.0,0.2540261730714528,840
114,5,0.218269129563196,155.0,0.16331249308371906,775
115,5,0.2147919009127135,163.0,0.09668033059869985,815
116,5,0.18467076045019837,167.6,0.08162121162051922,838
117,5,0.4153849817878786,157.0,0.18436711460669736,785
118,5,0.37325507054399015,163.0,0.23255335190485465,815
119,5,0.1347686251715629,178.6,0.08441154084672707,893
120,5,0.38944325904673666,150.4,0.19174612403388713,752
121,5,0.1656868997781014,144.4,0.07406339338832871,722
122,5,0.19688203535478796,174.6,0.13564237134459922,873
123,8,0.0911604011061597,105.375,0.0544766175789794,843
124,5,0.21403708355499482,181.2,0.06974236309477744,906
125,5,0.3513791762654595,169.2,0.21029949786568597,846
126,5,0.2258929889994677,147.8,0.16871151890814481,739
127,5,0.17669837261862065,147.6,0.1003513844346233,738
128,5,0.29934834205718586,177.4,0.16863171139757674,887
129,5,0.4429092690523081,166.2,0.20720215957541707,831
130,5,0.16972773834530697,168.0,0.1365667065809219,840
131,5,0.19327916509058365,135.8,0.11378077596459632,679
132,5,0.21952264869402469,184.0,0.16086320349816596,920
133,5,0.14465509261226547,170.2,0.11078918743094235,851
134,3,0.04114982819216303,157.0,0.03374708561691898,471
135,5,0.10521643023970115,152.4,0.08515656777692344,762
136,5,0.25739618869265835,155.2,0.18663201020247633,776
137,5,0.2029731609590117,149.0,0.12229415362885185,745
138,5,0.303152403756302,165.6,0.18993259575736388,828
139,5,0.2868741746001427,196.2,0.18723984389795434,981
140,3,0.04597453892697834,155.66666666666666,0.03599594331479366,467
141,3,0.1301549245886109,126.33333333333333,0.09252946315454502,379
142,5,0.3502554246462338,159.0,0.26627356142579134,795
143,5,0.22004886678740698,159.4,0.1131752917673472,797
144,5,0.3426692746745845,190.0,0.210039966854941,950
145,5,0.3808215624326587,165.6,0.3165811552966377,828
146,5,0.18152082667686223,145.4,0.1346881125897482,727
147,3,0.063459368540571,153.66666666666666,0.040865169977834855,461
148,5,0.24467516951438092,183.6,0.16999431772667933,918
149,5,0.23603814664829303,186.2,0.12155989867669317,931
150,5,0.20762042814284754,190.8,0.08264315265840674,954
151,5,0.23412101237913585,191.6,0.17637402204485267,958
152,5,0.13541767721391593,147.4,0.0767151254594933,737
153,5,0.06166700422774483,151.6,0.02452759304626894,758
154,5,0.19118244199310797,140.8,0.128128413585786,704
155,5,0.0901184401598765,144.2,0.055964057058909236,721
156,8,0.08109381180182075,111.625,0.05280317358705601,893
157,5,0.10067978316835782,168.2,0.05260924120300166,841
158,4,0.07154204006926243,146.5,0.03961596539744365,586
159,5,0.19685034897093093,166.0,0.11711300683146275,830
160,5,0.0683127074537561,168.8,0.038511790409440895,844
161,5,0.15685012530050674,143.2,0.07791952832765456,716
162,3,0.08480211452775888,169.33333333333334,0.07753476012551382,508
163,3,0.051935417107762304,153.0,0.037418156670122445,459
164,3,0.10277537290711813,164.0,0.10229543277967527,492
165,5,0.28676176168432443,146.0,0.2403739476696516,730
166,5,0.2065552765036905,155.2,0.12054931651267294,776
167,5,0.13892655559069791,170.2,0.08544000196480186,851
168,5,0.21767811603806003,132.4,0.09317874507410227,662
169,5,0.32207227323942306,158.4,0.1636327477404793,792
170,5,0.5887591294583047,188.4,0.45316805818743866,942
171,5,0.21033064315445107,145.6,0.15088232186170902,728
172,5,0.07358853343850641,160.2,0.034409139163930805,801
173,5,0.33331542793354096,132.6,0.24786441425125333,663
174,5,0.1871300526922916,155.8,0.11372546058503138,779
175,5,0.21783507324699686,161.8,0.13991081695294286,809
176,5,0.32942829695673403,155.4,0.1778353213182512,777
177,5,0.2937571595190636,151.8,0.12695916470139726,759
178,5,0.157226142649128,170.2,0.11264448439846694,851
179,8,0.09494071550380306,98.0,0.05917094160328945,784
180,8,0.06343492530463885,86.125,0.03399774942137734,689
181,5,0.21733818022172158,187.6,0.1228269285998634,938
182,5,0.2932317081775343,169.0,0.17399232763578792,845
183,5,0.1800017783807724,166.4,0.0667236849697724,832
184,8,0.1704593145671503,96.25,0.08953445903014398,770
185,5,0.2778148695109293,176.2,0.13030716497997052,881
186,5,0.243886316156873,164.4,0.1683635228907978,822
187,5,0.19662383513100307,153.0,0.14942826734635842,765
188,5,0.17601531168354,155.2,0.0950800807293799,776
189,8,0.07570744740045697,115.125,0.03602837255672547,921
190,5,0.2672114894714061,154.8,0.1708311771481103,774
191,3,0.1277365708711069,174.33333333333334,0.06594990846760383,523
192,5,0.1338207668375546,159.6,0.04262394880344066,798
193,5,0.147485898964191,178.2,0.0970381779916418,891
194,5,0.2924668911632989,171.4,0.16476240318454954,857
195,5,0.29288159489492444,158.4,0.19760802744748548,792
196,5,0.16522956581852272,146.8,0.12146586535616191,734
197,4,0.19089083665780743,171.75,0.12131896699186687,687
198,5,0.23164589848687314,172.8,0.1449142358088637,864
199,3,0.07594953876950268,145.66666666666666,0.07157474922895142,437
200,5,0.17098701971508634,159.4,0.08634857090758488,797
201,5,0.19881471219698452,154.8,0.1363193038119092,774
202,3,0.05161959760355527,166.0,0.02616219606819153,498
203,5,0.19037297695694885,153.0,0.13760175482679746,765
204,8,0.08220305228899985,90.5,0.03907965605708303,724
205,5,0.35497482120359153,161.0,0.19709504535990469,805
206,5,0.21299517927760606,168.8,0.11979712737373491,844
207,5,0.14907727206119512,153.0,0.11622403964087853,765
208,5,0.17664769374204692,177.8,0.11350946927136718,889
209,5,0.1731824744699733,178.0,0.12945353982111407,890
210,5,0.0816862311958245,159.2,0.06637629324622689,796
211,5,0.15707626978651174,167.0,0.057268339269649825,835
212,5,0.08956838370523057,176.0,0.06653611193205367,880
213,8,0.06846227500175155,101.25,0.03840920363005258,810
214,5,0.38260452422291763,173.6,0.29925727068098007,868
215,5,0.08079034670551749,145.4,0.062450385489049,727
216,3,0.04784353369195007,167.0,0.029248148146054243,501
217,5,0.29771747649570257,170.6,0.19856776373884066,853
218,5,0.22378908476459264,161.6,0.10028875761062794,808
219,5,0.24028350491832867,160.0,0.15395350337317087,800
220,5,0.25303493582390785,166.4,0.2033777404078231,832
221,5,0.07606196860457098,175.4,0.049864001849225306,877
222,8,0.06086396171052177,121.375,0.03281890114623967,971
223,5,0.354401066459918,174.0,0.2389231176158642,870
224,5,0.2168640722573449,150.6,0.12677099867960478,753
225,5,0.235986718310273,168.8,0.12965653778405123,844
226,5,0.2893252851381633,154.6,0.14684720247935776,773
227,5,0.1146726440278307,154.0,0.07741794573729877,770
228,4,0.2174264048874761,137.75,0.1235360246691172,551
229,5,0.2692856780324999,183.0,0.17935960913037874,915
230,5,0.24056870068334113,188.6,0.15070095599576563,943
231,5,0.08164200653880666,149.6,0.04263999646031719,748
232,5,0.18573224403395672,166.6,0.12376109223439849,833
233,5,0.19688384907259815,155.4,0.15135694429048255,777
234,5,0.39468011791321866,148.8,0.22308477831069698,744
235,5,0.193079224805975,188.8,0.10961061062668591,944
236,4,0.19054161325724045,142.5,0.15292972180276987,570
237,5,0.13112165641552054,165.2,0.07686336572914794,826
238,5,0.11983026319557905,136.2,0.060029415668046905,681
239,5,0.12343517865420472,128.4,0.0831462238518725,642
240,5,0.20184835942643561,159.6,0.09805884977295834,798
241,5,0.17254538064468422,156.8,0.10828522219917214,784
242,4,0.07788171905789937,138.75,0.041390755550594266,555
243,5,0.1815641911652249,143.2,0.09472163147139825,716
244,5,0.22296053315689132,140.0,0.13885448271325002,700
245,3,0.07214949424270749,165.66666666666666,0.03632283858491318,497
246,5,0.2000652614801882,156.6,0.11226604932987146,783
247,5,0.25506853813581626,166.0,0.17347400533199844,830
248,4,0.46264997551995984,156.5,0.14647709709118234,626
249,4,0.13838099180639715,123.25,0.08722364229473423,493
250,5,0.11089596759239867,156.0,0.08854391165172026,780
251,5,0.12293592926952415,173.8,0.08412000703805758,869
252,5,0.20718376577994294,131.0,0.1374632363929454,655
253,5,0.378708188313371,167.8,0.24109615645836255,839
254,5,0.14008000253912217,146.4,0.09736821338322561,732
255,5,0.1196960273938329,161.0,0.07052693156712093,805
256,3,0.056559175469061355,157.33333333333334,0.02765446506588191,472
257,8,0.06216772150079534,104.625,0.041238866804052754,837
258,4,0.12665457806337568,156.5,0.10866630802091723,626
259,5,0.24581991075754506,159.2,0.17397658240834218,796
260,5,0.3325682559274831,157.0,0.24240391990884538,785
261,5,0.1268365366093725,167.0,0.08605940657657413,835
262,4,0.23999993443006554,176.5,0.14222403491042004,706
263,5,0.39332595732710185,157.4,0.23058305491710654,787
264,4,0.19540868320929866,162.0,0.0825281444608788,648
265,5,0.1755326103214489,170.4,0.10330914413374823,852
266,5,0.15910482361604297,167.4,0.06184793782005641,837
267,5,0.17314185198391618,158.8,0.08265421370859297,794
268,5,0.2684618996968415,182.2,0.1556024404012739,911
269,5,0.17348388118241775,140.0,0.10265907895370216,700
270,3,0.08346452692868893,160.0,0.049230434637944444,480
271,5,0.2579026409221216,191.0,0.18811415538379758,955
272,5,0.3706389060335454,153.4,0.16050924085996882,767
273,5,0.04958793733440463,162.6,0.027688259151271266,813
274,5,0.26614827914297234,147.8,0.16611539007896842,739
275,3,0.12375245478181686,145.33333333333334,0.10653110892221122,436
276,5,0.2941122015553722,146.4,0.10800191086032554,732
277,5,0.23384562941653567,165.4,0.1644078369551661,827
278,5,0.18211888029771667,194.4,0.12239413317191676,972
279,5,0.08832417482828733,171.6,0.06262436190583112,858
280,5,0.32324032281536125,142.2,0.22973203326042585,711
281,5,0.2489628798204157,141.0,0.09179673169464916,705
282,5,0.15265119181051734,149.8,0.0893874417976413,749
283,5,0.2509801826207894,161.4,0.19544862704618557,807
284,5,0.16225670330471084,156.6,0.11054887889370568,783
285,5,0.1389817594332021,163.2,0.06940255675700782,816
286,5,0.20353619397258324,157.6,0.08744871051529976,788
287,5,0.18046995002038801,160.6,0.1205064615492895,803
288,5,0.08525902717376592,170.6,0.060458156488820414,853
289,5,0.07359626993318003,179.4,0.03575156559174655,897
290,5,0.2236003242191908,168.2,0.08824863713197353,841
291,5,0.09554737727071849,160.0,0.0631331047335986,800
292,5,0.11499014540543419,145.8,0.06970093750475558,729
293,3,0.20414367185557625,194.66666666666666,0.1935750850815876,584
294,5,0.09565535411135627,178.6,0.07010508498666959,893
295,8,0.07944838651275024,112.0,0.04950722079057219,896
296,5,0.13891962753025808,154.2,0.0814204682103753,771
297,5,0.17249718359707145,173.8,0.10208034672375729,869
298,5,0.2178128291971773,140.6,0.15694871182794987,703
299,5,0.09836256057407561,160.2,0.057626287861545236,801
300,5,0.14077821301358034,160.6,0.07967541366194006,803
301,5,0.11641176162968704,162.8,0.06546965893628662,814
302,5,0.3999337055981444,148.2,0.30714191240390665,741
303,5,0.1565028570809842,160.4,0.08562244111820401,802
304,5,0.08082057268084464,163.4,0.05172220852217253,817
305,5,0.10214190803732251,171.2,0.06042801690112461,856
306,5,0.282400473600814,151.4,0.23894279360868903,757
307,5,0.3089875257059002,158.4,0.19046357956099888,792
308,4,0.12714497927375418,132.5,0.08847036281994844,530
309,5,0.4028240723892892,137.4,0.21913879418412555,687
310,3,0.032961672788581045,173.33333333333334,0.016710038972345197,520
311,5,0.15954008323782345,165.6,0.07892815484756381,828
312,5,0.26777832160529297,162.6,0.13946306406814468,813
313,3,0.01803642834698855,137.0,0.013377444961456294,411
314,5,0.079629564352839,162.8,0.046232992306426204,814
315,5,0.27866106311446637,182.4,0.22077918211606154,912
316,5,0.4504845854856277,175.2,0.1741820235896921,876
317,5,0.05237882662237657,158.2,0.021285396837158813,791
318,5,0.26838194224977463,159.8,0.15934671440626713,799
319,5,0.07952263561057492,178.2,0.043234512177930264,891
320,3,0.08700477601609038,127.66666666666667,0.062161193725129536,383
321,4,0.1528241264674403,154.25,0.08417322044365981,617
322,5,0.36987810963663315,161.4,0.24718740498868433,807
323,5,0.1779797415057848,166.2,0.11405892090299996,831
324,5,0.241661844642413,187.2,0.12524435950630702,936
325,3,0.07199608970634834,153.0,0.037897974640757386,459
326,5,0.14320553433123095,152.8,0.07492940579010629,764
327,5,0.26713697599302344,159.2,0.20511476763195774,796
328,5,0.11918419149560161,163.6,0.06080234033458184,818
329,5,0.3018370434422404,144.6,0.2099602581101851,723
330,5,0.12961741738696203,162.2,0.07805187317765308,811
331,5,0.0950372648912216,141.6,0.054528940621071775,708
332,5,0.10322632107719425,139.4,0.055359119791446865,697
333,5,0.08086026325997593,156.2,0.04119118333937934,781
334,5,0.3704756660603016,162.0,0.26227722815801063,810
335,5,0.1598978146761537,175.0,0.12273655401566008,875
336,5,0.11194336493855633,164.4,0.07160696965936937,822
337,5,0.1514024750387514,158.8,0.09533795515609285,794
338,5,0.23962803978298025,147.4,0.13170678298247468,737
339,5,0.26608274438498913,186.4,0.1495691438961917,932
340,5,0.24380760704456353,185.2,0.1460582610693818,926
341,5,0.21100595530832228,170.4,0.14335976432725595,852
342,4,0.21508901940134467,148.75,0.11590646115703507,595
343,8,0.048950509150319586,102.5,0.03685635791561293,820
344,8,0.053923723334452875,105.0,0.03242640578928776,840
345,8,0.07436693995956137,114.0,0.039926269068709316,912
346,5,0.20222294792396284,172.4,0.14639430346318547,862
347,5,0.12581727550457847,149.4,0.08541236460321419,747
348,5,0.29487083439770445,178.2,0.1722296219766169,891
349,5,0.1899524462551604,168.8,0.1350692294306059,844
350,5,0.15232265832692782,171.8,0.07960249583537134,859
351,5,0.22172087052293943,154.4,0.15442196768592692,772
352,5,0.19999349876915073,180.4,0.108213351902819,902
353,5,0.16432110545636783,149.8,0.10700936078582768,749
354,3,0.03944621846705361,170.0,0.026021953837933782,510
355,3,0.11297883979443596,157.66666666666666,0.0857789684266409,473
356,5,0.07353322306945473,176.2,0.04255773883289517,881
357,5,0.2157224316767558,153.0,0.1285059298302096,765
358,5,0.27005891552359895,184.4,0.17250853787874584,922
359,5,0.2303284204765719,155.0,0.12539825520246864,775
360,3,0.022899572341440324,173.0,0.009183485291092376,519
361,5,0.19568598053270292,164.6,0.11755313074023657,823
362,8,0.048851433666465355,110.25,0.03254413134919047,882
363,8,0.039004088925081136,120.75,0.019444673469685203,966
364,5,0.16399603018424255,171.4,0.08042262033585124,857
365,5,0.28453898320343124,164.4,0.11770540416141909,822
366,5,0.2470330120984392,130.8,0.14329880383385507,654
367,5,0.3879330474236871,143.4,0.17001384948512693,717
368,5,0.2832743725748558,158.0,0.12011899426188033,790
369,5,0.25846980277041814,162.4,0.1336054213308157,812
370,5,0.15936936388028566,158.2,0.08630547232416252,791
371,5,0.15255148625881085,176.8,0.07583497312149587,884
372,5,0.2895064712463521,158.6,0.19010511737766367,793
373,5,0.06863438008607935,160.4,0.04746292638058573,802
374,5,0.19967763401518343,176.8,0.09623955030281968,884
375,5,0.0752590485789585,167.6,0.046706634998653,838
376,5,0.20587746467544926,192.0,0.14345448585710296,960
377,5,0.15825370934385655,153.6,0.10093163420425652,768
378,5,0.17734910347348395,167.6,0.09414688657739168,838
379,5,0.31652842705497536,140.2,0.22986555196082828,701
380,5,0.1776266502866258,162.0,0.06843001855088077,810
381,5,0.2074616143193222,168.8,0.1390999735842024,844
382,5,0.09545666549282451,179.8,0.07029149233157403,899
383,5,0.2222559049781498,157.2,0.10467865117923925,786
384,5,0.3640682084251582,166.0,0.13976266015546054,830
385,8,0.07571363639963712,121.125,0.05544014178053887,969
386,3,0.04502773025323231,165.66666666666666,0.025003312883512836,497
387,5,0.19012716353358206,159.0,0.08074391963382647,795
388,5,0.14178324338793832,141.8,0.1010385190186868,709
389,5,0.22002341674639708,165.6,0.14033463442791633,828
390,5,0.2669373695028441,146.8,0.1937812804189749,734
391,5,0.1333190998645774,133.2,0.06374766696077697,666
392,5,0.17798975850475401,137.0,0.1167539063481686,685
393,5,0.10084302106737567,158.8,0.05800605580929008,794
394,5,0.14180717045455846,138.2,0.08331665866851816,691
395,5,0.2282833838822804,168.8,0.15138081976981205,844
396,4,0.18513318724704567,146.75,0.10967978028608769,587
397,5,0.17337294413665394,166.4,0.10104634140151428,832
398,5,0.2564577190583796,165.8,0.18893908926271022,829
399,5,0.13909747921986523,166.2,0.09298044153640472,831
400,5,0.1797300280327062,174.2,0.1013464876408042,871
401,5,0.1919612948318112,171.4,0.13623694892252886,857
402,4,0.15020744150224388,153.0,0.07330098792385081,612
403,5,0.08657978331825836,151.4,0.04347324750550684,757
404,3,0.06978745206547718,141.66666666666666,0.04444715649939259,425
405,5,0.13631661884020135,171.8,0.06953396502440612,859
406,5,0.3577585612048185,172.2,0.2271108898216953,861
407,4,0.28707682889516506,166.0,0.16088323796157689,664
408,5,0.3048431075991534,124.0,0.21079848525240025,620
