src_ip,dst_ip,packet_count,flow_duration,avg_packet_size
10.0.0.2,10.0.0.1,1.3862943611198906,0.015873146406611777,4.74493212836325
10.0.0.2,10.0.0.1,1.3862943611198906,0.01587338107058763,4.74493212836325
10.0.0.2,10.0.0.1,1.3862943611198906,0.01587338107058763,4.74493212836325
10.0.0.2,10.0.0.1,1.3862943611198906,0.01587338107058763,4.74493212836325
10.0.0.2,10.0.0.1,1.3862943611198906,0.014888715847612116,4.74493212836325
10.0.0.2,10.0.0.1,1.3862943611198906,0.014888715847612116,4.74493212836325
10.0.0.2,10.0.0.1,1.3862943611198906,0.014888715847612116,4.74493212836325
10.0.0.2,10.0.0.1,1.3862943611198906,0.01587338107058763,4.74493212836325
10.0.0.2,10.0.0.1,1.3862943611198906,0.01587338107058763,4.74493212836325
10.0.0.2,10.0.0.1,1.3862943611198906,0.01587338107058763,4.74493212836325
192.168.2.102,193.99.144.80,1.0986122886681098,0.007073834526060392,4.59511985013459
192.168.2.102,193.99.144.80,1.0986122886681098,0.008579064970552112,4.59511985013459
80.154.108.228,95.116.124.205,2.0794415416798357,0.037779268925891916,4.31748811353631
80.154.108.228,95.116.124.205,1.0986122886681098,0.08642169335536173,4.59511985013459
80.154.108.228,95.116.124.205,1.0986122886681098,0.11200192577250923,4.59511985013459
80.154.108.228,95.116.124.205,1.0986122886681098,0.08412423587913048,4.59511985013459
80.154.108.228,95.116.124.205,1.0986122886681098,0.033438618445588736,4.59511985013459
80.154.108.228,95.116.124.205,1.0986122886681098,0.04509758540353071,4.59511985013459
80.154.108.228,95.116.124.205,1.0986122886681098,0.09895449992070125,4.59511985013459
80.154.108.228,95.116.124.205,1.0986122886681098,0.08481354564576166,4.59511985013459
80.154.108.228,95.116.124.205,1.0986122886681098,0.09940445038840139,4.59511985013459
80.154.108.228,95.116.124.205,1.0986122886681098,0.05117984839286049,4.59511985013459
80.154.108.228,93.220.202.100,2.0794415416798357,0.007716135129667942,4.31748811353631
80.154.108.228,93.220.202.100,1.0986122886681098,0.006956642351001674,4.59511985013459
80.154.108.228,93.220.202.100,1.0986122886681098,0.007227702385593337,4.59511985013459
80.154.108.228,93.220.202.100,1.0986122886681098,0.01932098059122607,4.59511985013459
80.154.108.228,93.220.202.100,1.0986122886681098,0.006966586462726218,4.59511985013459
80.154.108.228,93.220.202.100,1.0986122886681098,0.007224861962682768,4.59511985013459
80.154.108.228,93.220.202.100,1.0986122886681098,0.00896382070740275,4.59511985013459
80.154.108.228,93.220.202.100,1.0986122886681098,0.006480156176426122,4.59511985013459
80.154.108.228,93.220.202.100,1.0986122886681098,0.011190980504022814,4.59511985013459
80.154.108.228,93.220.202.100,1.0986122886681098,0.006728374124426545,4.59511985013459
80.154.108.228,79.197.51.33,1.0986122886681098,0.00026985341783402944,4.31748811353631
80.154.108.228,79.197.51.33,1.0986122886681098,0.00023100092038226363,4.31748811353631
80.154.108.228,79.197.51.33,1.0986122886681098,2.145764909758892e-06,4.31748811353631
80.154.108.228,79.197.51.33,1.3862943611198906,0.0002448259084286364,4.31748811353631
80.154.108.228,79.197.51.33,1.0986122886681098,0.00025197668931777593,4.31748811353631
80.154.108.228,79.197.51.33,1.0986122886681098,0.002744243659304211,4.59511985013459
80.154.108.228,79.197.51.33,1.0986122886681098,0.00273711067794385,4.59511985013459
80.154.108.228,79.197.51.33,1.0986122886681098,0.002745194719641381,4.59511985013459
80.154.108.228,79.197.51.33,1.0986122886681098,0.0029774641199054727,4.59511985013459
80.154.108.228,79.197.51.33,1.0986122886681098,0.07859214451393373,4.59511985013459
80.154.108.228,79.197.51.33,1.0986122886681098,0.0027482856594903864,4.59511985013459
80.154.108.228,79.197.51.33,1.0986122886681098,0.002744243659304211,4.59511985013459
80.154.108.228,79.197.51.33,1.0986122886681098,0.0027532786959877102,4.59511985013459
80.154.108.228,79.197.51.33,1.0986122886681098,0.002990538070807268,4.59511985013459
80.154.108.228,178.4.19.82,2.0794415416798357,0.015260955335058725,4.31748811353631
80.154.108.228,178.4.19.82,1.0986122886681098,0.020540498922840822,4.59511985013459
80.154.108.228,178.4.19.82,1.0986122886681098,0.020785485200514105,4.59511985013459
80.154.108.228,178.4.19.82,1.0986122886681098,0.021274110775158162,4.59511985013459
80.154.108.228,178.4.19.82,1.0986122886681098,0.021519617444277713,4.59511985013459
80.154.108.228,178.4.19.82,1.0986122886681098,0.022263470630908028,4.59511985013459
80.154.108.228,178.4.19.82,1.0986122886681098,0.022740421066477442,4.59511985013459
80.154.108.228,178.4.19.82,1.0986122886681098,0.021037181701627137,4.59511985013459
80.154.108.228,178.4.19.82,1.0986122886681098,0.030046140674196538,4.59511985013459
80.154.108.228,178.4.19.82,1.0986122886681098,0.020544703197326698,4.59511985013459
80.154.108.228,95.116.124.205,2.0794415416798357,0.03271111083049212,4.31748811353631
80.154.108.228,95.116.124.205,1.0986122886681098,0.03367654664542178,4.59511985013459
80.154.108.228,95.116.124.205,1.0986122886681098,0.03416467553588839,4.59511985013459
80.154.108.228,95.116.124.205,1.0986122886681098,0.053300122781671955,4.59511985013459
80.154.108.228,95.116.124.205,1.0986122886681098,0.033440693645531365,4.59511985013459
80.154.108.228,95.116.124.205,1.0986122886681098,0.033683462316193465,4.59511985013459
80.154.108.228,95.116.124.205,1.0986122886681098,0.034166749229665797,4.59511985013459
80.154.108.228,95.116.124.205,1.0986122886681098,0.03368715065438273,4.59511985013459
80.154.108.228,95.116.124.205,1.0986122886681098,0.033915340121778326,4.59511985013459
80.154.108.228,95.116.124.205,1.0986122886681098,0.03392110180806259,4.59511985013459
34.255.152.202,193.24.227.12,1.0986122886681098,0.0008526980257099089,4.110873864173311
193.24.227.230,72.163.4.185,1.0986122886681098,0.1181830749876182,4.31748811353631
193.24.227.230,72.163.4.185,1.6094379124341003,0.11792438139305815,4.31748811353631
193.24.227.230,72.163.4.185,1.6094379124341003,0.11750282808050964,4.31748811353631
193.24.227.230,72.163.4.185,1.6094379124341003,0.11810045285776335,4.31748811353631
193.24.227.230,72.163.4.185,1.6094379124341003,0.11798032081407006,4.31748811353631
193.24.227.230,72.163.4.185,1.6094379124341003,0.11797142157003959,4.31748811353631
172.16.23.2,192.168.47.1,1.0986122886681098,0.000793857099041244,4.59511985013459
172.16.23.2,192.168.47.1,1.0986122886681098,0.0007338214921906835,4.59511985013459
172.16.23.2,192.168.47.1,1.0986122886681098,0.000978467829974933,4.59511985013459
172.16.23.2,192.168.47.1,1.0986122886681098,0.0008067214030277834,4.59511985013459
172.16.23.2,192.168.47.1,1.0986122886681098,0.00105754225906065,4.875197323201151
172.16.23.2,192.168.47.1,1.0986122886681098,0.0006837890664033501,4.875197323201151
172.16.23.2,192.168.47.1,1.0986122886681098,0.0008286379842325718,4.875197323201151
192.168.42.11,5.35.226.136,1.0986122886681098,0.004824900719229357,4.709530201312334
192.168.42.11,5.35.226.136,1.0986122886681098,0.004801173337355014,4.709530201312334
192.168.42.11,5.35.226.136,1.0986122886681098,0.00504625006622136,4.709530201312334
192.168.42.11,5.35.226.136,1.0986122886681098,0.004737581177582485,4.709530201312334
192.168.42.11,5.35.226.136,1.0986122886681098,0.004765581208906383,4.709530201312334
192.168.42.11,5.35.226.136,1.0986122886681098,0.004782665588658392,4.709530201312334
192.168.42.11,5.35.226.136,1.0986122886681098,0.004786462077855012,4.709530201312334
192.168.42.11,5.35.226.136,1.0986122886681098,0.004853847362737566,4.709530201312334
192.168.42.11,5.35.226.136,1.0986122886681098,0.005106976155757395,4.709530201312334
192.168.42.11,5.35.226.136,1.0986122886681098,0.005288183657579684,4.709530201312334
192.168.42.11,5.35.226.136,1.0986122886681098,0.004977454337792172,4.709530201312334
192.168.42.11,5.35.226.136,1.0986122886681098,0.004942342969510405,4.709530201312334
192.168.42.11,5.35.226.136,1.0986122886681098,0.004873065573060116,4.709530201312334
192.168.42.11,5.35.226.136,1.0986122886681098,0.005030356301096004,4.709530201312334
192.168.42.11,5.35.226.136,1.0986122886681098,0.004949934721167163,4.709530201312334
192.168.42.11,5.35.226.136,1.0986122886681098,0.004971286213708475,4.709530201312334
192.168.42.11,5.35.226.136,1.0986122886681098,0.004981724555255375,4.709530201312334
192.168.42.11,5.35.226.136,1.0986122886681098,0.005145165284218522,4.709530201312334
192.168.42.11,5.35.226.136,1.0986122886681098,0.004874963647866566,4.709530201312334
192.168.42.11,5.35.226.136,1.0986122886681098,0.004870692974485762,4.709530201312334
192.168.42.11,5.35.226.136,1.0986122886681098,0.004992400019137001,4.709530201312334
192.168.42.11,5.35.226.136,1.0986122886681098,0.004900350052072393,4.709530201312334
192.168.42.11,5.35.226.136,1.0986122886681098,0.004861914310814224,4.709530201312334
192.168.42.11,5.35.226.136,1.0986122886681098,0.004825849802794266,4.709530201312334
192.168.42.11,5.35.226.136,1.0986122886681098,0.00501873234278935,4.709530201312334
192.168.42.11,5.35.226.136,1.0986122886681098,0.006113400881017121,4.709530201312334
192.168.42.11,5.35.226.136,1.0986122886681098,0.00504198012428782,4.709530201312334
192.168.42.11,5.35.226.136,1.0986122886681098,0.005125715102892408,4.709530201312334
192.168.42.11,5.35.226.136,1.0986122886681098,0.0048225280063762515,4.709530201312334
192.168.42.11,5.35.226.136,1.0986122886681098,0.005000465849598508,4.709530201312334
192.168.42.11,5.35.226.136,1.0986122886681098,0.00526114692604377,4.709530201312334
192.168.42.11,5.35.226.136,1.0986122886681098,0.004823951634763686,4.709530201312334
192.168.42.11,5.35.226.136,1.0986122886681098,0.004805918858769188,4.709530201312334
192.168.42.11,5.35.226.136,1.0986122886681098,0.004735445549793933,4.709530201312334
192.168.42.11,5.35.226.136,1.0986122886681098,0.005017308991670454,4.709530201312334
192.168.42.11,5.35.226.136,1.0986122886681098,0.0054710181548085985,4.709530201312334
192.168.42.11,5.35.226.136,1.0986122886681098,0.004779343648787873,4.709530201312334
192.168.42.11,5.35.226.136,1.0986122886681098,0.0047703268992263705,4.709530201312334
192.168.42.11,5.35.226.136,1.0986122886681098,0.004773648869050074,4.709530201312334
192.168.42.11,5.35.226.136,1.0986122886681098,0.004821104375962095,4.709530201312334
192.168.42.11,5.35.226.136,1.0986122886681098,0.004905095102865798,4.709530201312334
192.168.42.11,5.35.226.136,1.0986122886681098,0.004860965261476945,4.709530201312334
192.168.42.11,5.35.226.136,1.0986122886681098,0.004891571648747647,4.709530201312334
192.168.42.11,5.35.226.136,1.0986122886681098,0.004713377128908385,4.709530201312334
192.168.42.11,5.35.226.136,1.0986122886681098,0.004837476003362729,4.709530201312334
192.168.42.11,5.35.226.136,1.0986122886681098,0.004672323824509097,4.709530201312334
192.168.42.11,5.35.226.136,1.0986122886681098,0.0047850383960953416,4.709530201312334
192.168.42.11,5.35.226.136,1.0986122886681098,0.005126426701559299,4.709530201312334
192.168.42.11,5.35.226.136,1.0986122886681098,0.004802596996143865,4.709530201312334
192.168.42.11,5.35.226.136,1.0986122886681098,0.005015173961193486,4.709530201312334
192.168.42.11,5.35.226.136,1.0986122886681098,0.004739242218264813,4.709530201312334
192.168.42.11,5.35.226.136,1.0986122886681098,0.004683951810128021,4.709530201312334
192.168.42.11,5.35.226.136,1.0986122886681098,0.004860490736470545,4.709530201312334
192.168.42.11,5.35.226.136,1.0986122886681098,0.004710054958857414,4.709530201312334
192.168.42.11,5.35.226.136,1.0986122886681098,0.004796902348827595,4.709530201312334
192.168.42.11,5.35.226.136,1.0986122886681098,0.005322097120623011,4.709530201312334
192.168.42.11,5.35.226.136,1.0986122886681098,0.004723106277711166,4.709530201312334
192.168.42.11,5.35.226.136,1.0986122886681098,0.004808766160808144,4.709530201312334
192.168.42.11,5.35.226.136,1.0986122886681098,0.004813748919868618,4.709530201312334
192.168.42.11,5.35.226.136,1.0986122886681098,0.004839374145721983,4.709530201312334
192.168.42.11,5.35.226.136,1.0986122886681098,0.004820629832040327,4.709530201312334
192.168.42.11,5.35.226.136,1.0986122886681098,0.004725241931851945,4.709530201312334
192.168.42.11,5.35.226.136,1.0986122886681098,0.00479547868193148,4.709530201312334
192.168.42.11,5.35.226.136,1.0986122886681098,0.004974844751476841,4.709530201312334
192.168.42.11,5.35.226.136,1.0986122886681098,0.011496721374635461,4.709530201312334
192.168.42.11,5.35.226.136,1.0986122886681098,0.00647541859351249,4.709530201312334
192.168.42.11,5.35.226.136,1.0986122886681098,0.0049307179880894855,4.709530201312334
192.168.42.11,5.35.226.136,1.0986122886681098,0.004915059636244576,4.709530201312334
192.168.42.11,5.35.226.136,1.0986122886681098,0.004809952534264983,4.709530201312334
192.168.42.11,5.35.226.136,1.0986122886681098,0.005077799627679143,4.709530201312334
192.168.42.11,5.35.226.136,1.0986122886681098,0.00502205348752152,4.709530201312334
192.168.42.11,5.35.226.136,1.0986122886681098,0.005037235722977882,4.709530201312334
192.168.42.11,5.35.226.136,1.0986122886681098,0.005549026851276604,4.709530201312334
192.168.42.11,5.35.226.136,1.0986122886681098,0.004949222996897686,4.709530201312334
192.168.42.11,5.35.226.136,1.0986122886681098,0.0050958275016192486,4.709530201312334
192.168.42.11,5.35.226.136,1.0986122886681098,0.004980301151460391,4.709530201312334
192.168.42.11,5.35.226.136,1.0986122886681098,0.0049008245581649325,4.709530201312334
192.168.42.11,5.35.226.136,1.0986122886681098,0.00551535819072655,4.709530201312334
192.168.42.11,5.35.226.136,1.0986122886681098,0.004892520669038412,4.709530201312334
192.168.42.11,5.35.226.136,1.0986122886681098,0.004978640511138833,4.709530201312334
192.168.42.11,5.35.226.136,1.0986122886681098,0.005032254077376647,4.709530201312334
192.168.42.11,5.35.226.136,1.0986122886681098,0.006797049506578755,4.709530201312334
192.168.42.11,5.35.226.136,1.0986122886681098,0.005194974999257953,4.709530201312334
192.168.42.11,5.35.226.136,1.0986122886681098,0.004873065573060116,4.709530201312334
192.168.42.11,5.35.226.136,1.0986122886681098,0.006820966377220764,4.709530201312334
192.168.42.11,5.35.226.136,1.0986122886681098,0.004877098977717494,4.709530201312334
192.168.42.11,5.35.226.136,1.0986122886681098,0.004865947760449315,4.709530201312334
192.168.42.11,5.35.226.136,1.0986122886681098,0.004902248075091617,4.709530201312334
192.168.42.11,5.35.226.136,1.0986122886681098,0.004859778948538744,4.709530201312334
192.168.42.11,5.35.226.136,1.0986122886681098,0.004992637250373286,4.709530201312334
192.168.42.11,5.35.226.136,1.0986122886681098,0.006053683797790255,4.709530201312334
192.168.42.11,5.35.226.136,1.0986122886681098,0.004998093553274973,4.709530201312334
192.168.42.11,5.35.226.136,1.0986122886681098,0.004899401039211845,4.709530201312334
192.168.42.11,5.35.226.136,1.0986122886681098,0.004923126090542107,4.709530201312334
192.168.42.11,5.35.226.136,1.0986122886681098,0.005089660107634952,4.709530201312334
192.168.42.11,5.35.226.136,1.0986122886681098,0.004805918858769188,4.709530201312334
192.168.42.11,5.35.226.136,1.0986122886681098,0.00480639340967201,4.709530201312334
192.168.42.11,5.35.226.136,1.0986122886681098,0.004847441210553705,4.709530201312334
192.168.42.11,5.35.226.136,1.0986122886681098,0.004955154016998761,4.709530201312334
192.168.42.11,5.35.226.136,1.0986122886681098,0.004926922046520409,4.709530201312334
192.168.42.11,5.35.226.136,1.0986122886681098,0.004843882219385338,4.709530201312334
192.168.42.11,5.35.226.136,1.0986122886681098,0.004899163785855985,4.709530201312334
192.168.42.11,5.35.226.136,1.0986122886681098,0.004834391514344515,4.709530201312334
192.168.42.11,5.35.226.136,1.0986122886681098,0.0048944187069180295,4.709530201312334
192.168.42.11,5.35.226.136,1.0986122886681098,0.004890148116622797,4.709530201312334
192.168.42.11,5.35.226.136,1.0986122886681098,0.005063329651633817,4.709530201312334
192.168.42.11,5.35.226.136,1.0986122886681098,0.004796190515632891,4.709530201312334
192.168.42.11,5.35.226.136,1.0986122886681098,0.004838662342759483,4.709530201312334
192.168.42.11,5.35.226.136,1.0986122886681098,0.005634141860316633,4.709530201312334
192.168.42.11,5.35.226.136,1.0986122886681098,0.004892283414050156,4.709530201312334
192.168.42.11,5.35.226.136,1.0986122886681098,0.0051527554962606205,4.709530201312334
192.168.42.11,5.35.226.136,1.0986122886681098,0.004841035017330794,4.709530201312334
192.168.42.11,5.35.226.136,1.0986122886681098,0.004844356752272958,4.709530201312334
192.168.42.11,5.35.226.136,1.0986122886681098,0.004799986953482716,4.709530201312334
192.168.42.11,5.35.226.136,1.0986122886681098,0.004937123606813558,4.709530201312334
192.168.42.11,5.35.226.136,1.0986122886681098,0.0048168334725592465,4.709530201312334
192.168.42.11,5.35.226.136,1.0986122886681098,0.004779580930573163,4.709530201312334
192.168.42.11,5.35.226.136,1.0986122886681098,0.00486832037028217,4.709530201312334
192.168.42.11,5.35.226.136,1.0986122886681098,0.004806630685038971,4.709530201312334
192.168.42.11,5.35.226.136,1.0986122886681098,0.004906281362046109,4.709530201312334
192.168.42.11,5.35.226.136,1.0986122886681098,0.004818494381605614,4.709530201312334
192.168.42.11,5.35.226.136,1.0986122886681098,0.004815409834038151,4.709530201312334
192.168.42.11,5.35.226.136,1.0986122886681098,0.00482513799020503,4.709530201312334
192.168.42.11,5.35.226.136,1.0986122886681098,0.0047876484777731034,4.709530201312334
192.168.42.11,5.35.226.136,1.0986122886681098,0.004903908842278273,4.709530201312334
192.168.42.11,5.35.226.136,1.0986122886681098,0.0048723537940788784,4.709530201312334
192.168.42.11,5.35.226.136,1.0986122886681098,0.004971048977407003,4.709530201312334
192.168.42.11,5.35.226.136,1.0986122886681098,0.005094167053134485,4.709530201312334
192.168.42.11,5.35.226.136,1.0986122886681098,0.00481944347125069,4.709530201312334
192.168.42.11,5.35.226.136,1.0986122886681098,0.004944715398094375,4.709530201312334
192.168.42.11,5.35.226.136,1.0986122886681098,0.004956340216797747,4.709530201312334
192.168.42.11,5.35.226.136,1.0986122886681098,0.005117175879392413,4.709530201312334
192.168.42.11,5.35.226.136,1.0986122886681098,0.005010903886564436,4.709530201312334
192.168.42.11,5.35.226.136,1.0986122886681098,0.004884691224704713,4.709530201312334
192.168.42.11,5.35.226.136,1.0986122886681098,0.0048139861934903055,4.709530201312334
192.168.42.11,5.35.226.136,1.0986122886681098,0.004958475372890113,4.709530201312334
192.168.42.11,5.35.226.136,1.0986122886681098,0.0049826734899931,4.709530201312334
192.168.42.11,5.35.226.136,1.0986122886681098,0.0049067558653242156,4.709530201312334
192.168.42.11,5.35.226.136,1.0986122886681098,0.008393251519629559,4.709530201312334
192.168.42.11,5.35.226.136,1.0986122886681098,0.005092743809381694,4.709530201312334
192.168.42.11,5.35.226.136,1.0986122886681098,0.005138049408105896,4.709530201312334
192.168.42.11,5.35.226.136,1.0986122886681098,0.005116227072280155,4.709530201312334
192.168.42.11,5.35.226.136,1.0986122886681098,0.005114092252986084,4.709530201312334
192.168.42.11,5.35.226.136,1.0986122886681098,0.005297670056810599,4.709530201312334
192.168.42.11,5.35.226.136,1.0986122886681098,0.005057399273091808,4.709530201312334
192.168.42.11,5.35.226.136,1.0986122886681098,0.005118599088372862,4.709530201312334
192.168.42.11,5.35.226.136,1.0986122886681098,0.005061194719410205,4.709530201312334
192.168.42.11,5.35.226.136,1.0986122886681098,0.0048896736054641924,4.709530201312334
192.168.42.11,5.35.226.136,1.0986122886681098,0.005078511260443427,4.709530201312334
192.168.42.11,5.35.226.136,1.0986122886681098,0.005069022781946976,4.709530201312334
192.168.42.11,5.35.226.136,1.0986122886681098,0.00508112057624643,4.709530201312334
192.168.42.11,5.35.226.136,1.0986122886681098,0.005073292608411746,4.709530201312334
192.168.42.11,5.35.226.136,1.0986122886681098,0.005103180883196333,4.709530201312334
192.168.42.11,5.35.226.136,1.0986122886681098,0.004905095102865798,4.709530201312334
192.168.42.11,5.35.226.136,1.0986122886681098,0.004947562304965647,4.709530201312334
192.168.42.11,5.35.226.136,1.0986122886681098,0.00522841727297517,4.709530201312334
192.168.42.11,5.35.226.136,1.0986122886681098,0.005002600911477939,4.709530201312334
192.168.42.11,5.35.226.136,1.0986122886681098,0.00504625006622136,4.709530201312334
192.168.42.11,5.35.226.136,1.0986122886681098,0.0047712760345877845,4.709530201312334
192.168.42.11,5.35.226.136,1.0986122886681098,0.005267313262495233,4.709530201312334
192.168.42.11,5.35.226.136,1.0986122886681098,0.0049717606861425755,4.709530201312334
192.168.42.11,5.35.226.136,1.0986122886681098,0.004930955233959124,4.709530201312334
192.168.42.11,5.35.226.136,1.0986122886681098,0.004784801115605006,4.709530201312334
192.168.42.11,5.35.226.136,1.0986122886681098,0.0049081793738076146,4.709530201312334
192.168.42.11,5.35.226.136,1.0986122886681098,0.004804020652905914,4.709530201312334
192.168.42.11,5.35.226.136,1.0986122886681098,0.004799512399539695,4.709530201312334
192.168.42.11,5.35.226.136,1.0986122886681098,0.004815172560754257,4.709530201312334
192.168.42.11,5.35.226.136,1.0986122886681098,0.0048510001890556985,4.709530201312334
192.168.42.11,5.35.226.136,1.0986122886681098,0.005515121083463611,4.709530201312334
192.168.42.11,5.35.226.136,1.0986122886681098,0.004768191341369421,4.709530201312334
192.168.42.11,5.35.226.136,1.0986122886681098,0.0048652359764017475,4.709530201312334
192.168.42.11,5.35.226.136,1.0986122886681098,0.004874726388712782,4.709530201312334
192.168.42.11,5.35.226.136,1.0986122886681098,0.004879946077092652,4.709530201312334
192.168.42.11,5.35.226.136,1.0986122886681098,0.0049397332915672,4.709530201312334
192.168.42.11,5.35.226.136,1.0986122886681098,0.005007819932437065,4.709530201312334
192.168.42.11,5.35.226.136,1.0986122886681098,0.004799749676539356,4.709530201312334
192.168.42.11,5.35.226.136,1.0986122886681098,0.004759174491249341,4.709530201312334
192.168.42.11,5.35.226.136,1.0986122886681098,0.004872116534305881,4.709530201312334
192.168.42.11,5.35.226.136,1.0986122886681098,0.004736394718263031,4.709530201312334
192.168.42.11,5.35.226.136,1.0986122886681098,0.004887538302464103,4.709530201312334
192.168.42.11,5.35.226.136,1.0986122886681098,0.004735682841995669,4.709530201312334
192.168.42.11,5.35.226.136,1.0986122886681098,0.004865947760449315,4.709530201312334
192.168.42.11,5.35.226.136,1.0986122886681098,0.004814935287414063,4.709530201312334
192.168.42.11,5.35.226.136,1.0986122886681098,0.004812562550915704,4.709530201312334
192.168.42.11,5.35.226.136,1.0986122886681098,0.004922888842815028,4.709530201312334
192.168.42.11,5.35.226.136,1.0986122886681098,0.004822290734781303,4.709530201312334
192.168.42.11,5.35.226.136,1.0986122886681098,0.0047950041258490355,4.709530201312334
192.168.42.11,5.35.226.136,1.0986122886681098,0.004710766853368884,4.709530201312334
192.168.42.11,5.35.226.136,1.0986122886681098,0.004811376180555317,4.709530201312334
192.168.42.11,5.35.226.136,1.0986122886681098,0.004812799824818885,4.709530201312334
192.168.42.11,5.35.226.136,1.0986122886681098,0.004766530348772109,4.709530201312334
192.168.42.11,5.35.226.136,1.0986122886681098,0.004832730631701652,4.709530201312334
192.168.42.11,5.35.226.136,1.0986122886681098,0.004762733783903997,4.709530201312334
192.168.42.11,5.35.226.136,1.0986122886681098,0.005641965439089501,4.709530201312334
192.168.42.11,5.35.226.136,1.0986122886681098,0.004817782563780675,4.709530201312334
192.168.42.11,5.35.226.136,1.0986122886681098,0.004800936060693155,4.709530201312334
192.168.42.11,5.35.226.136,1.0986122886681098,0.00492099085897209,4.709530201312334
192.168.42.11,5.35.226.136,1.0986122886681098,0.004891571648747647,4.709530201312334
192.168.42.11,5.35.226.136,1.0986122886681098,0.004881132366106584,4.709530201312334
192.168.42.11,5.35.226.136,1.0986122886681098,0.004892757923970379,4.709530201312334
192.168.42.11,5.35.226.136,1.0986122886681098,0.0048970285031202316,4.709530201312334
192.168.42.11,5.35.226.136,1.0986122886681098,0.0048778107533212186,4.709530201312334
192.168.42.11,5.35.226.136,1.0986122886681098,0.004929769004048076,4.709530201312334
192.168.42.11,5.35.226.136,1.0986122886681098,0.005070683272182998,4.709530201312334
192.168.42.11,5.35.226.136,1.0986122886681098,0.004823477092193065,4.709530201312334
192.168.42.11,5.35.226.136,1.0986122886681098,0.005117175879392413,4.709530201312334
192.168.42.11,5.35.226.136,1.0986122886681098,0.004985045822897833,4.709530201312334
192.168.42.11,5.35.226.136,1.0986122886681098,0.004759649064335257,4.709530201312334
192.168.42.11,5.35.226.136,1.0986122886681098,0.005524368225059584,4.709530201312334
192.168.42.11,5.35.226.136,1.0986122886681098,0.005396086138979007,4.709530201312334
192.168.42.11,5.35.226.136,1.0986122886681098,0.004871167494650971,4.709530201312334
192.168.42.11,5.35.226.136,1.0986122886681098,0.004897740264538753,4.709530201312334
192.168.42.11,5.35.226.136,1.0986122886681098,0.004871879274476592,4.709530201312334
192.168.42.11,5.35.226.136,1.0986122886681098,0.004879234303008797,4.709530201312334
192.168.42.11,5.35.226.136,1.0986122886681098,0.004918381125306085,4.709530201312334
192.168.42.11,5.35.226.136,1.0986122886681098,0.004781004620102543,4.709530201312334
192.168.42.11,5.35.226.136,1.0986122886681098,0.004917669378578786,4.709530201312334
192.168.42.11,5.35.226.136,1.0986122886681098,0.004862626097226103,4.709530201312334
192.168.42.11,5.35.226.136,1.0986122886681098,0.00490960288026464,4.709530201312334
192.168.42.11,5.35.226.136,1.0986122886681098,0.005101283241514253,4.709530201312334
192.168.42.11,5.35.226.136,1.0986122886681098,0.004932615953470597,4.709530201312334
192.168.42.11,5.35.226.136,1.0986122886681098,0.004735920134141097,4.709530201312334
192.168.42.11,5.35.226.136,1.0986122886681098,0.004725241931851945,4.709530201312334
192.168.42.11,5.35.226.136,1.0986122886681098,0.00471836036329091,4.709530201312334
192.168.42.11,5.35.226.136,1.0986122886681098,0.004786224797702489,4.709530201312334
192.168.42.11,5.35.226.136,1.0986122886681098,0.004667814977379772,4.709530201312334
192.168.42.11,5.35.226.136,1.0986122886681098,0.004912449887099594,4.709530201312334
192.168.42.11,5.35.226.136,1.0986122886681098,0.0048320188240102615,4.709530201312334
192.168.42.11,5.35.226.136,1.0986122886681098,0.004832967900819523,4.709530201312334
192.168.42.11,5.35.226.136,1.0986122886681098,0.0047760216978820335,4.709530201312334
192.168.42.11,5.35.226.136,1.0986122886681098,0.00490011279894169,4.709530201312334
192.168.42.11,5.35.226.136,1.0986122886681098,0.010984192943314307,4.709530201312334
192.168.42.11,5.35.226.136,1.0986122886681098,0.004821578919658672,4.709530201312334
192.168.42.11,5.35.226.136,1.0986122886681098,0.005800794560624239,4.709530201312334
192.168.42.11,5.35.226.136,1.0986122886681098,0.004809240710359777,4.709530201312334
192.168.42.11,5.35.226.136,1.0986122886681098,0.00481873165410133,4.709530201312334
192.168.42.11,5.35.226.136,1.0986122886681098,0.00480757978594382,4.709530201312334
192.168.42.11,5.35.226.136,1.0986122886681098,0.004722394391984012,4.709530201312334
192.168.42.11,5.35.226.136,1.0986122886681098,0.004800698783974996,4.709530201312334
192.168.42.11,5.35.226.136,1.0986122886681098,0.004743276162720962,4.709530201312334
192.168.42.11,5.35.226.136,1.0986122886681098,0.00481327437245635,4.709530201312334
192.168.42.11,5.35.226.136,1.0986122886681098,0.004787173917974772,4.709530201312334
192.168.42.11,5.35.226.136,1.0986122886681098,0.004864998714939973,4.709530201312334
192.168.42.11,5.35.226.136,1.0986122886681098,0.004678968404276234,4.709530201312334
192.168.42.11,5.35.226.136,1.0986122886681098,0.0047202587317618575,4.709530201312334
192.168.42.11,5.35.226.136,1.0986122886681098,0.004901773569674544,4.709530201312334
192.168.42.11,5.35.226.136,1.0986122886681098,0.005390157733486488,4.709530201312334
192.168.42.11,5.35.226.136,1.0986122886681098,0.004729275932784754,4.709530201312334
192.168.42.11,5.35.226.136,1.0986122886681098,0.004779580930573163,4.709530201312334
192.168.42.11,5.35.226.136,1.0986122886681098,0.004721682505750077,4.709530201312334
192.168.42.11,5.35.226.136,1.0986122886681098,0.004713614426346843,4.709530201312334
192.168.42.11,5.35.226.136,1.0986122886681098,0.004852186512408296,4.709530201312334
192.168.42.11,5.35.226.136,1.0986122886681098,0.004634828582603439,4.709530201312334
192.168.42.11,5.35.226.136,1.0986122886681098,0.004745174483893176,4.709530201312334
192.168.42.11,5.35.226.136,1.0986122886681098,0.004787173917974772,4.709530201312334
192.168.42.11,5.35.226.136,1.0986122886681098,0.004878759786671437,4.709530201312334
192.168.42.11,5.35.226.136,1.0986122886681098,0.00513591463539811,4.709530201312334
192.168.42.11,5.35.226.136,1.0986122886681098,0.004929531757897009,4.709530201312334
192.168.42.11,5.35.226.136,1.0986122886681098,0.004860490736470545,4.709530201312334
192.168.42.11,5.35.226.136,1.0986122886681098,0.004978403276582061,4.709530201312334
192.168.42.11,5.35.226.136,1.0986122886681098,0.0058868362211960375,4.709530201312334
192.168.42.11,5.35.226.136,1.0986122886681098,0.00490485785086087,4.709530201312334
192.168.42.11,5.35.226.136,1.0986122886681098,0.0050042615120104,4.709530201312334
192.168.42.11,5.35.226.136,1.0986122886681098,0.004941631239837672,4.709530201312334
192.168.42.11,5.35.226.136,1.0986122886681098,0.004930243496181352,4.709530201312334
192.168.42.11,5.35.226.136,1.0986122886681098,0.005092506601892627,4.709530201312334
192.168.42.11,5.35.226.136,1.0986122886681098,0.004897740264538753,4.709530201312334
192.168.42.11,5.35.226.136,1.0986122886681098,0.009780817400893347,4.709530201312334
192.168.42.11,5.35.226.136,1.0986122886681098,0.00508017173492401,4.709530201312334
192.168.42.11,5.35.226.136,1.0986122886681098,0.004967253188929209,4.709530201312334
192.168.42.11,5.35.226.136,1.0986122886681098,0.005090134523907241,4.709530201312334
192.168.42.11,5.35.226.136,1.0986122886681098,0.005072343759661795,4.709530201312334
192.168.42.11,5.35.226.136,1.0986122886681098,0.005391580554010011,4.709530201312334
192.168.42.11,5.35.226.136,1.0986122886681098,0.004949460238377128,4.709530201312334
192.168.42.11,5.35.226.136,1.0986122886681098,0.007029326792242436,4.709530201312334
192.168.42.11,5.35.226.136,1.0986122886681098,0.004943529184505942,4.709530201312334
192.168.42.11,5.35.226.136,1.0986122886681098,0.0054660386696944625,4.709530201312334
192.168.42.11,5.35.226.136,1.0986122886681098,0.005088474065969546,4.709530201312334
192.168.42.11,5.35.226.136,1.0986122886681098,0.004970337268164901,4.709530201312334
192.168.42.11,5.35.226.136,1.0986122886681098,0.004808766160808144,4.709530201312334
192.168.42.11,5.35.226.136,1.0986122886681098,0.0047964277934207595,4.709530201312334
192.168.42.11,5.35.226.136,1.0986122886681098,0.004829646128046335,4.709530201312334
192.168.42.11,5.35.226.136,1.0986122886681098,0.004914110637343517,4.709530201312334
192.168.42.11,5.35.226.136,1.0986122886681098,0.006192307271658201,4.709530201312334
192.168.42.11,5.35.226.136,1.0986122886681098,0.0056381721964194045,4.709530201312334
192.168.42.11,5.35.226.136,1.0986122886681098,0.005032491299158493,4.709530201312334
192.168.42.11,5.35.226.136,1.0986122886681098,0.005083018256190373,4.709530201312334
192.168.42.11,5.35.226.136,1.0986122886681098,0.005160345650691836,4.709530201312334
192.168.42.11,5.35.226.136,1.0986122886681098,0.007359299800888127,4.709530201312334
192.168.42.11,5.35.226.136,1.0986122886681098,0.004845780349584732,4.709530201312334
192.168.42.11,5.35.226.136,1.0986122886681098,0.004821341647838533,4.709530201312334
192.168.42.11,5.35.226.136,1.0986122886681098,0.004757750770640273,4.709530201312334
192.168.42.11,5.35.226.136,1.0986122886681098,0.005094878674251272,4.709530201312334
192.168.42.11,5.35.226.136,1.0986122886681098,0.004799037845371472,4.709530201312334
192.168.42.11,5.35.226.136,1.0986122886681098,0.005125240703499829,4.709530201312334
192.168.42.11,5.35.226.136,1.0986122886681098,0.004814460740564782,4.709530201312334
192.168.42.11,5.35.226.136,1.0986122886681098,0.004696528866847746,4.709530201312334
192.168.42.11,5.35.226.136,1.0986122886681098,0.0052934011882931654,4.709530201312334
192.168.42.11,5.35.226.136,1.0986122886681098,0.008707412115955694,4.709530201312334
192.168.42.12,5.35.226.136,1.0986122886681098,0.005174339846895676,4.709530201312334
192.168.42.12,5.35.226.136,1.0986122886681098,0.0051527554962606205,4.709530201312334
192.168.42.12,5.35.226.136,1.0986122886681098,0.004848627538128407,4.709530201312334
192.168.42.12,5.35.226.136,1.0986122886681098,0.004784801115605006,4.709530201312334
192.168.42.12,5.35.226.136,1.0986122886681098,0.0050341518500557425,4.709530201312334
192.168.42.12,5.35.226.136,1.0986122886681098,0.0048123252769562246,4.709530201312334
192.168.42.12,5.35.226.136,1.0986122886681098,0.004974844751476841,4.709530201312334
192.168.42.12,5.35.226.136,1.0986122886681098,0.006060319205367819,4.709530201312334
192.168.42.12,5.35.226.136,1.0986122886681098,0.004782428307605035,4.709530201312334
192.168.42.12,5.35.226.136,1.0986122886681098,0.005050282772417489,4.709530201312334
192.168.42.12,5.35.226.136,1.0986122886681098,0.004832256093297022,4.709530201312334
192.168.42.12,5.35.226.136,1.0986122886681098,0.005034626292662776,4.709530201312334
192.168.42.12,5.35.226.136,1.0986122886681098,0.004654051002495487,4.709530201312334
192.168.42.12,5.35.226.136,1.0986122886681098,0.004771038750831886,4.709530201312334
192.168.42.12,5.35.226.136,1.0986122886681098,0.00477175060193067,4.709530201312334
192.168.42.12,5.35.226.136,1.0986122886681098,0.004756089760701145,4.709530201312334
192.168.42.12,5.35.226.136,1.0986122886681098,0.0047902585526383564,4.709530201312334
192.168.42.12,5.35.226.136,1.0986122886681098,0.004670662672668784,4.709530201312334
192.168.42.12,5.35.226.136,1.0986122886681098,0.004742327000783495,4.709530201312334
192.168.42.12,5.35.226.136,1.0986122886681098,0.0047745980012584965,4.709530201312334
192.168.42.12,5.35.226.136,1.0986122886681098,0.004759174491249341,4.709530201312334
192.168.42.12,5.35.226.136,1.0986122886681098,0.004867371327024542,4.709530201312334
192.168.42.12,5.35.226.136,1.0986122886681098,0.004777682674714374,4.709530201312334
192.168.42.12,5.35.226.136,1.0986122886681098,0.004701986785641284,4.709530201312334
192.168.42.12,5.35.226.136,1.0986122886681098,0.004957051936001746,4.709530201312334
192.168.42.12,5.35.226.136,1.0986122886681098,0.005118361887016781,4.709530201312334
192.168.42.12,5.35.226.136,1.0986122886681098,0.005616834938294197,4.709530201312334
192.168.42.12,5.35.226.136,1.0986122886681098,0.004721919801217697,4.709530201312334
192.168.42.12,5.35.226.136,1.0986122886681098,0.004741140547094757,4.709530201312334
192.168.42.12,5.35.226.136,1.0986122886681098,0.00467540881346306,4.709530201312334
192.168.42.12,5.35.226.136,1.0986122886681098,0.004664492655959885,4.709530201312334
192.168.42.12,5.35.226.136,1.0986122886681098,0.006183066304555386,4.709530201312334
192.168.42.12,5.35.226.136,1.0986122886681098,0.004653813690922359,4.709530201312334
192.168.42.12,5.35.226.136,1.0986122886681098,0.005038421825415619,4.709530201312334
192.168.42.12,5.35.226.136,1.0986122886681098,0.005011141113411066,4.709530201312334
192.168.42.12,5.35.226.136,1.0986122886681098,0.004929769004048076,4.709530201312334
192.168.42.12,5.35.226.136,1.0986122886681098,0.0067477931590122185,4.709530201312334
192.168.42.12,5.35.226.136,1.0986122886681098,0.004895604978763374,4.709530201312334
192.168.42.12,5.35.226.136,1.0986122886681098,0.004826561614876826,4.709530201312334
192.168.42.12,5.35.226.136,1.0986122886681098,0.004864761453421905,4.709530201312334
192.168.42.12,5.35.226.136,1.0986122886681098,0.0047703268992263705,4.709530201312334
192.168.42.12,5.35.226.136,1.0986122886681098,0.004825612531987485,4.709530201312334
192.168.42.12,5.35.226.136,1.0986122886681098,0.006019558149044141,4.709530201312334
192.168.42.12,5.35.226.136,1.0986122886681098,0.004947562304965647,4.709530201312334
192.168.42.12,5.35.226.136,1.0986122886681098,0.004933090444253021,4.709530201312334
192.168.42.12,5.35.226.136,1.0986122886681098,0.004768903194495138,4.709530201312334
192.168.42.12,5.35.226.136,1.0986122886681098,0.004956102976950516,4.709530201312334
192.168.42.12,5.35.226.136,1.0986122886681098,0.00482418890596455,4.709530201312334
192.168.42.12,5.35.226.136,1.0986122886681098,0.004837001467209954,4.709530201312334
192.168.42.12,5.35.226.136,1.0986122886681098,0.004904146094508356,4.709530201312334
192.168.42.12,5.35.226.136,1.0986122886681098,0.004968913848161105,4.709530201312334
192.168.42.12,5.35.226.136,1.0986122886681098,0.004898689278975398,4.709530201312334
192.168.42.12,5.35.226.136,1.0986122886681098,0.004747072801461773,4.709530201312334
192.168.42.12,5.35.226.136,1.0986122886681098,0.004913636137555262,4.709530201312334
192.168.42.12,5.35.226.136,1.0986122886681098,0.004804257928835873,4.709530201312334
192.168.42.12,5.35.226.136,1.0986122886681098,0.004854321890896423,4.709530201312334
192.168.42.12,5.35.226.136,1.0986122886681098,0.004943291941619403,4.709530201312334
192.168.42.12,5.35.226.136,1.0986122886681098,0.004964406338115577,4.709530201312334
192.168.42.12,5.35.226.136,1.0986122886681098,0.004985045822897833,4.709530201312334
192.168.42.12,5.35.226.136,1.0986122886681098,0.004951832650075966,4.709530201312334
192.168.42.12,5.35.226.136,1.0986122886681098,0.004778869085048387,4.709530201312334
192.168.42.12,5.35.226.136,1.0986122886681098,0.004819206198923868,4.709530201312334
192.168.42.12,5.35.226.136,1.0986122886681098,0.0047420897101583615,4.709530201312334
192.168.42.12,5.35.226.136,1.0986122886681098,0.009815287117362093,4.709530201312334
192.168.42.12,5.35.226.136,1.0986122886681098,0.0048168334725592465,4.709530201312334
192.168.42.12,5.35.226.136,1.0986122886681098,0.004809477985051145,4.709530201312334
192.168.42.12,5.35.226.136,1.0986122886681098,0.004810427083253624,4.709530201312334
192.168.42.12,5.35.226.136,1.0986122886681098,0.004899875545754697,4.709530201312334
192.168.42.12,5.35.226.136,1.0986122886681098,0.004789309435293759,4.709530201312334
192.168.42.12,5.35.226.136,1.0986122886681098,0.004848864803474462,4.709530201312334
192.168.42.12,5.35.226.136,1.0986122886681098,0.004769377762964097,4.709530201312334
192.168.42.12,5.35.226.136,1.0986122886681098,0.005036286840014767,4.709530201312334
192.168.42.12,5.35.226.136,1.0986122886681098,0.004847678476181235,4.709530201312334
192.168.42.12,5.35.226.136,1.0986122886681098,0.004617029716200905,4.709530201312334
192.168.42.12,5.35.226.136,1.0986122886681098,0.004652627132211967,4.709530201312334
192.168.42.12,5.35.226.136,1.0986122886681098,0.004699376480369641,4.709530201312334
192.168.42.12,5.35.226.136,1.0986122886681098,0.0046920201288541815,4.709530201312334
192.168.42.12,5.35.226.136,1.0986122886681098,0.004643609240001823,4.709530201312334
192.168.42.12,5.35.226.136,1.0986122886681098,0.004780530057151293,4.709530201312334
192.168.42.12,5.35.226.136,1.0986122886681098,0.0048123252769562246,4.709530201312334
192.168.42.12,5.35.226.136,1.0986122886681098,0.0048557454740219335,4.709530201312334
192.168.42.12,5.35.226.136,1.0986122886681098,0.004955865737047001,4.709530201312334
192.168.42.12,5.35.226.136,1.0986122886681098,0.004775547132566067,4.709530201312334
192.168.42.12,5.35.226.136,1.0986122886681098,0.004791444948052321,4.709530201312334
192.168.42.12,5.35.226.136,1.0986122886681098,0.004827985237521917,4.709530201312334
192.168.42.12,5.35.226.136,1.0986122886681098,0.0973263808508185,4.709530201312334
192.168.42.12,5.35.226.136,1.0986122886681098,0.0057408217522301715,4.709530201312334
192.168.42.12,5.35.226.136,1.0986122886681098,0.004856457264824718,4.709530201312334
192.168.42.12,5.35.226.136,1.0986122886681098,0.004842933152934552,4.709530201312334
192.168.42.12,5.35.226.136,1.0986122886681098,0.004817308018282558,4.709530201312334
192.168.42.12,5.35.226.136,1.0986122886681098,0.004561495216802851,4.709530201312334
192.168.42.12,5.35.226.136,1.0986122886681098,0.00472619111000604,4.709530201312334
192.168.42.12,5.35.226.136,1.0986122886681098,0.004867134066069402,4.709530201312334
192.168.42.12,5.35.226.136,1.0986122886681098,0.00481944347125069,4.709530201312334
192.168.42.12,5.35.226.136,1.0986122886681098,0.0048716420145910105,4.709530201312334
192.168.42.12,5.35.226.136,1.0986122886681098,0.004850051129360319,4.709530201312334
192.168.42.12,5.35.226.136,1.0986122886681098,0.004821341647838533,4.709530201312334
192.168.42.12,5.35.226.136,1.0986122886681098,0.0048220534631300575,4.709530201312334
192.168.42.12,5.35.226.136,1.0986122886681098,0.004708393869693113,4.709530201312334
192.168.42.12,5.35.226.136,1.0986122886681098,0.00484222135250536,4.709530201312334
192.168.42.12,5.35.226.136,1.0986122886681098,0.004892995178846056,4.709530201312334
192.168.42.12,5.35.226.136,1.0986122886681098,0.005046012847703372,4.709530201312334
192.168.42.12,5.35.226.136,1.0986122886681098,0.006501475021788789,4.709530201312334
192.168.42.12,5.35.226.136,1.0986122886681098,0.004740903256188088,4.709530201312334
192.168.42.12,5.35.226.136,1.0986122886681098,0.004798326013696884,4.709530201312334
192.168.42.12,5.35.226.136,1.0986122886681098,0.004876149942791111,4.709530201312334
192.168.42.12,5.35.226.136,1.0986122886681098,0.00510436690741898,4.709530201312334
192.168.42.12,5.35.226.136,1.0986122886681098,0.004921939851343852,4.709530201312334
192.168.42.12,5.35.226.136,1.0986122886681098,0.004913636137555262,4.709530201312334
192.168.42.12,5.35.226.136,1.0986122886681098,0.004884691224704713,4.709530201312334
192.168.42.12,5.35.226.136,1.0986122886681098,0.004982199022736797,4.709530201312334
192.168.42.12,5.35.226.136,1.0986122886681098,0.005098199566100502,4.709530201312334
192.168.42.12,5.35.226.136,1.0986122886681098,0.004809477985051145,4.709530201312334
192.168.42.12,5.35.226.136,1.0986122886681098,0.004791919505823798,4.709530201312334
192.168.42.12,5.35.226.136,1.0986122886681098,0.005960783468401252,4.709530201312334
192.168.42.12,5.35.226.136,1.0986122886681098,0.004814935287414063,4.709530201312334
192.168.42.12,5.35.226.136,1.0986122886681098,0.004857169055120857,4.709530201312334
192.168.42.12,5.35.226.136,1.0986122886681098,0.004843170419631691,4.709530201312334
192.168.42.12,5.35.226.136,1.0986122886681098,0.004802359719819807,4.709530201312334
192.168.42.12,5.35.226.136,1.0986122886681098,0.004754428748003059,4.709530201312334
192.168.42.12,5.35.226.136,1.0986122886681098,0.004742801581864842,4.709530201312334
192.168.42.12,5.35.226.136,1.0986122886681098,0.0048716420145910105,4.709530201312334
192.168.42.12,5.35.226.136,1.0986122886681098,0.004793343177787,4.709530201312334
192.168.42.12,5.35.226.136,1.0986122886681098,0.0047857502372285355,4.709530201312334
192.168.42.12,5.35.226.136,1.0986122886681098,0.004867371327024542,4.709530201312334
192.168.42.12,5.35.226.136,1.0986122886681098,0.004713614426346843,4.709530201312334
192.168.42.12,5.35.226.136,1.0986122886681098,0.004645507750383115,4.709530201312334
192.168.42.12,5.35.226.136,1.0986122886681098,0.004666391126694247,4.709530201312334
192.168.42.12,5.35.226.136,1.0986122886681098,0.0045902121592431375,4.709530201312334
192.168.42.12,5.35.226.136,1.0986122886681098,0.004653576379292914,4.709530201312334
192.168.42.12,5.35.226.136,1.0986122886681098,0.004859304422969408,4.709530201312334
192.168.42.12,5.35.226.136,1.0986122886681098,0.004751106714329973,4.709530201312334
192.168.42.12,5.35.226.136,1.0986122886681098,0.00464930476033271,4.709530201312334
192.168.42.12,5.35.226.136,1.0986122886681098,0.004689647100692269,4.709530201312334
192.168.42.12,5.35.226.136,1.0986122886681098,0.004762496498121153,4.709530201312334
192.168.42.12,5.35.226.136,1.0986122886681098,0.00473354721015297,4.709530201312334
192.168.42.12,5.35.226.136,1.0986122886681098,0.00477056418315118,4.709530201312334
192.168.42.12,5.35.226.136,1.0986122886681098,0.004698664577749376,4.709530201312334
192.168.42.12,5.35.226.136,1.0986122886681098,0.004589500178904238,4.709530201312334
192.168.42.12,5.35.226.136,1.0986122886681098,0.004754428748003059,4.709530201312334
192.168.42.12,5.35.226.136,1.0986122886681098,0.004732360746047365,4.709530201312334
192.168.42.12,5.35.226.136,1.0986122886681098,0.004734259087940639,4.709530201312334
192.168.42.12,5.35.226.136,1.0986122886681098,0.004685612939893224,4.709530201312334
192.168.42.12,5.35.226.136,1.0986122886681098,0.004848153007267411,4.709530201312334
192.168.42.12,5.35.226.136,1.0986122886681098,0.004782665588658392,4.709530201312334
192.168.42.12,5.35.226.136,1.0986122886681098,0.004736632010239537,4.709530201312334
192.168.42.12,5.35.226.136,1.0986122886681098,0.004803071548623082,4.709530201312334
192.168.42.12,5.35.226.136,1.0986122886681098,0.005085627560233241,4.709530201312334
192.168.42.12,5.35.226.136,1.0986122886681098,0.004864761453421905,4.709530201312334
192.168.42.12,5.35.226.136,1.0986122886681098,0.004974133044936223,4.709530201312334
192.168.42.12,5.35.226.136,1.0986122886681098,0.004787411197902089,4.709530201312334
192.168.42.12,5.35.226.136,1.0986122886681098,0.004884453967858874,4.709530201312334
192.168.42.12,5.35.226.136,1.0986122886681098,0.004983147957024284,4.709530201312334
192.168.42.12,5.35.226.136,1.0986122886681098,0.004860490736470545,4.709530201312334
192.168.42.12,5.35.226.136,1.0986122886681098,0.004906044110322624,4.709530201312334
192.168.42.12,5.35.226.136,1.0986122886681098,0.00482418890596455,4.709530201312334
192.168.42.12,5.35.226.136,1.0986122886681098,0.004757513483675028,4.709530201312334
192.168.42.12,5.35.226.136,1.0986122886681098,0.004678731098616221,4.709530201312334
192.168.42.12,5.35.226.136,1.0986122886681098,0.004772937019302573,4.709530201312334
192.168.42.12,5.35.226.136,1.0986122886681098,0.004776970827838331,4.709530201312334
192.168.42.12,5.35.226.136,1.0986122886681098,0.004803783376919656,4.709530201312334
192.168.42.12,5.35.226.136,1.0986122886681098,0.0048426958861811165,4.709530201312334
192.168.42.12,5.35.226.136,1.0986122886681098,0.004824663448197385,4.709530201312334
192.168.42.12,5.35.226.136,1.0986122886681098,0.004736869302159735,4.709530201312334
192.168.42.12,5.35.226.136,1.0986122886681098,0.0046977153734673255,4.709530201312334
192.168.42.12,5.35.226.136,1.0986122886681098,0.004830832476732009,4.709530201312334
192.168.42.12,5.35.226.136,1.0986122886681098,0.004907704871204967,4.709530201312334
192.168.42.12,5.35.226.136,1.0986122886681098,0.004843644952857084,4.709530201312334
192.168.42.12,5.35.226.136,1.0986122886681098,0.005007819932437065,4.709530201312334
192.168.42.12,5.35.226.136,1.0986122886681098,0.004786699357951234,4.709530201312334
192.168.42.12,5.35.226.136,1.0986122886681098,0.004812562550915704,4.709530201312334
192.168.42.12,5.35.226.136,1.0986122886681098,0.004787411197902089,4.709530201312334
192.168.42.12,5.35.226.136,1.0986122886681098,0.004835815125842836,4.709530201312334
192.168.42.12,5.35.226.136,1.0986122886681098,0.0047437507433518555,4.709530201312334
192.168.42.12,5.35.226.136,1.0986122886681098,0.0048557454740219335,4.709530201312334
192.168.42.12,5.35.226.136,1.0986122886681098,0.006116718392191805,4.709530201312334
192.168.42.12,5.35.226.136,1.0986122886681098,0.004916008634245037,4.709530201312334
192.168.42.12,5.35.226.136,1.0986122886681098,0.004670662672668784,4.709530201312334
192.168.42.12,5.35.226.136,1.0986122886681098,0.005261621260966916,4.709530201312334
192.168.42.12,5.35.226.136,1.0986122886681098,0.004742327000783495,4.709530201312334
192.168.42.12,5.35.226.136,1.0986122886681098,0.004893232433665442,4.709530201312334
192.168.42.12,5.35.226.136,1.0986122886681098,0.0049053323548144375,4.709530201312334
192.168.42.12,5.35.226.136,1.0986122886681098,0.00482418890596455,4.709530201312334
192.168.42.12,5.35.226.136,1.0986122886681098,0.004773886152186635,4.709530201312334
192.168.42.12,5.35.226.136,1.0986122886681098,0.006097524068023962,4.709530201312334
192.168.42.12,5.35.226.136,1.0986122886681098,0.004846729413333344,4.709530201312334
192.168.42.12,5.35.226.136,1.0986122886681098,0.004618216317150447,4.709530201312334
192.168.42.12,5.35.226.136,1.0986122886681098,0.004739954091998345,4.709530201312334
192.168.42.12,5.35.226.136,1.0986122886681098,0.004720021435900072,4.709530201312334
192.168.42.12,5.35.226.136,1.0986122886681098,0.004690833615477133,4.709530201312334
192.168.42.12,5.35.226.136,1.0986122886681098,0.004655237559516374,4.709530201312334
192.168.42.12,5.35.226.136,1.0986122886681098,0.004672561131689597,4.709530201312334
192.168.42.12,5.35.226.136,1.0986122886681098,0.004953018853814762,4.709530201312334
192.168.42.12,5.35.226.136,1.0986122886681098,0.0046851383316704465,4.709530201312334
192.168.42.12,5.35.226.136,1.0986122886681098,0.004706020880386276,4.709530201312334
192.168.42.12,5.35.226.136,1.0986122886681098,0.004738293052498469,4.709530201312334
192.168.42.12,5.35.226.136,1.0986122886681098,0.004670899980243488,4.709530201312334
192.168.42.12,5.35.226.136,1.0986122886681098,0.004706732777769591,4.709530201312334
192.168.42.12,5.35.226.136,1.0986122886681098,0.004645745063927347,4.709530201312334
192.168.42.12,5.35.226.136,1.0986122886681098,0.004666153818049555,4.709530201312334
192.168.42.12,5.35.226.136,1.0986122886681098,0.004622962706868447,4.709530201312334
192.168.42.12,5.35.226.136,1.0986122886681098,0.004852423776909932,4.709530201312334
192.168.42.12,5.35.226.136,1.0986122886681098,0.004736394718263031,4.709530201312334
192.168.42.12,5.35.226.136,1.0986122886681098,0.004656898736980319,4.709530201312334
192.168.42.12,5.35.226.136,1.0986122886681098,0.0047484965372733565,4.709530201312334
192.168.42.12,5.35.226.136,1.0986122886681098,0.0046113340120433575,4.709530201312334
192.168.42.12,5.35.226.136,1.0986122886681098,0.004629607614626472,4.709530201312334
192.168.42.12,5.35.226.136,1.0986122886681098,0.004791444948052321,4.709530201312334
192.168.42.12,5.35.226.136,1.0986122886681098,0.004807342510802057,4.709530201312334
192.168.42.12,5.35.226.136,1.0986122886681098,0.0046099100809350434,4.709530201312334
192.168.42.12,5.35.226.136,1.0986122886681098,0.006309352130774092,4.709530201312334
192.168.42.12,5.35.226.136,1.0986122886681098,0.004932141462463032,4.709530201312334
192.168.42.12,5.35.226.136,1.0986122886681098,0.0050099549786151495,4.709530201312334
192.168.42.12,5.35.226.136,1.0986122886681098,0.004783614712308798,4.709530201312334
192.168.42.12,5.35.226.136,1.0986122886681098,0.0048135116461906335,4.709530201312334
192.168.42.12,5.35.226.136,1.0986122886681098,0.0048068679603496325,4.709530201312334
192.168.42.12,5.35.226.136,1.0986122886681098,0.005052180510882561,4.709530201312334
192.168.42.12,5.35.226.136,1.0986122886681098,0.005076139149259728,4.709530201312334
192.168.42.12,5.35.226.136,1.0986122886681098,0.006153447244759329,4.709530201312334
192.168.42.12,5.35.226.136,1.0986122886681098,0.00923362861384409,4.709530201312334
192.168.42.12,5.35.226.136,1.0986122886681098,0.004971048977407003,4.709530201312334
192.168.42.12,5.35.226.136,1.0986122886681098,0.005023714055751363,4.709530201312334
192.168.42.12,5.35.226.136,1.0986122886681098,0.004795953237788721,4.709530201312334
192.168.42.12,5.35.226.136,1.0986122886681098,0.004837950539290319,4.709530201312334
192.168.42.12,5.35.226.136,1.0986122886681098,0.00497081174104925,4.709530201312334
192.168.42.12,5.35.226.136,1.0986122886681098,0.004908653876185109,4.709530201312334
192.168.42.12,5.35.226.136,1.0986122886681098,0.004978877745639325,4.709530201312334
192.168.42.12,5.35.226.136,1.0986122886681098,0.004897740264538753,4.709530201312334
192.168.42.12,5.35.226.136,1.0986122886681098,0.0048462548815716286,4.709530201312334
192.168.42.12,5.35.226.136,1.0986122886681098,0.004872828313455996,4.709530201312334
192.168.42.12,5.35.226.136,1.0986122886681098,0.004786936637991154,4.709530201312334
192.168.42.12,5.35.226.136,1.0986122886681098,0.004916720382154367,4.709530201312334
192.168.42.12,5.35.226.136,1.0986122886681098,0.0049243123283331984,4.709530201312334
192.168.42.12,5.35.226.136,1.0986122886681098,0.004817070745449051,4.709530201312334
192.168.42.12,5.35.226.136,1.0986122886681098,0.005014462283354861,4.709530201312334
192.168.42.12,5.35.226.136,1.0986122886681098,0.0050415056851697455,4.709530201312334
192.168.42.12,5.35.226.136,1.0986122886681098,0.0062415909873570555,4.709530201312334
192.168.42.12,5.35.226.136,1.0986122886681098,0.004943529184505942,4.709530201312334
192.168.42.12,5.35.226.136,1.0986122886681098,0.004871879274476592,4.709530201312334
192.168.42.12,5.35.226.136,1.0986122886681098,0.0049179066275441725,4.709530201312334
192.168.42.12,5.35.226.136,1.0986122886681098,0.004937123606813558,4.709530201312334
192.168.42.12,5.35.226.136,1.0986122886681098,0.005102469267987551,4.709530201312334
192.168.42.12,5.35.226.136,1.0986122886681098,0.004994535098237531,4.709530201312334
192.168.42.12,5.35.226.136,1.0986122886681098,0.004944715398094375,4.709530201312334
192.168.42.12,5.35.226.136,1.0986122886681098,0.00491885562284285,4.709530201312334
192.168.42.12,5.35.226.136,1.0986122886681098,0.005038896265996799,4.709530201312334
192.168.42.12,5.35.226.136,1.0986122886681098,0.004789309435293759,4.709530201312334
192.168.42.12,5.35.226.136,1.0986122886681098,0.004821578919658672,4.709530201312334
192.168.42.12,5.35.226.136,1.0986122886681098,0.004848153007267411,4.709530201312334
192.168.42.12,5.35.226.136,1.0986122886681098,0.00502300238399051,4.709530201312334
192.168.42.12,5.35.226.136,1.0986122886681098,0.004880420592867099,4.709530201312334
192.168.42.12,5.35.226.136,1.0986122886681098,0.004913161637541858,4.709530201312334
192.168.42.12,5.35.226.136,1.0986122886681098,0.004799986953482716,4.709530201312334
192.168.42.12,5.35.226.136,1.0986122886681098,0.004992162787844439,4.709530201312334
192.168.42.12,5.35.226.136,1.0986122886681098,0.004737106594023626,4.709530201312334
192.168.42.12,5.35.226.136,1.0986122886681098,0.00473473367285088,4.709530201312334
192.168.42.12,5.35.226.136,1.0986122886681098,0.004831781554667205,4.709530201312334
192.168.42.12,5.35.226.136,1.0986122886681098,0.0047964277934207595,4.709530201312334
192.168.42.12,5.35.226.136,1.0986122886681098,0.004755377898454083,4.709530201312334
192.168.42.12,5.35.226.136,1.0986122886681098,0.004705071683086837,4.709530201312334
192.168.42.12,5.35.226.136,1.0986122886681098,0.0051214455002572025,4.709530201312334
192.168.42.12,5.35.226.136,1.0986122886681098,0.004979826683078489,4.709530201312334
192.168.42.12,5.35.226.136,1.0986122886681098,0.004841272284478299,4.709530201312334
192.168.42.12,5.35.226.136,1.0986122886681098,0.004878285270108911,4.709530201312334
192.168.42.12,5.35.226.136,1.0986122886681098,0.004708156571015827,4.709530201312334
192.168.42.12,5.35.226.136,1.0986122886681098,0.004826324344238937,4.709530201312334
192.168.42.12,5.35.226.136,1.0986122886681098,0.00479002127338666,4.709530201312334
192.168.42.12,5.35.226.136,1.0986122886681098,0.004871879274476592,4.709530201312334
192.168.42.12,5.35.226.136,1.0986122886681098,0.004809952534264983,4.709530201312334
192.168.42.12,5.35.226.136,1.0986122886681098,0.004996432942499958,4.709530201312334
192.168.42.12,5.35.226.136,1.0986122886681098,0.005032016855538527,4.709530201312334
192.168.42.12,5.35.226.136,1.0986122886681098,0.004983147957024284,4.709530201312334
192.168.42.12,5.35.226.136,1.0986122886681098,0.00508112057624643,4.709530201312334
192.168.42.12,5.35.226.136,1.0986122886681098,0.005021579038949372,4.709530201312334
192.168.42.12,5.35.226.136,1.0986122886681098,0.012901173480049901,4.709530201312334
192.168.42.12,5.35.226.136,1.0986122886681098,0.004965118051578788,4.709530201312334
192.168.42.12,5.35.226.136,1.0986122886681098,0.00497081174104925,4.709530201312334
192.168.42.12,5.35.226.136,1.0986122886681098,0.004962033956246552,4.709530201312334
192.168.42.12,5.35.226.136,1.0986122886681098,0.0049328531988899514,4.709530201312334
192.168.42.12,5.35.226.136,1.0986122886681098,0.004760598209831431,4.709530201312334
192.168.42.12,5.35.226.136,1.0986122886681098,0.005008294387537244,4.709530201312334
192.168.42.12,5.35.226.136,1.0986122886681098,0.00489133439353423,4.709530201312334
192.168.42.12,5.35.226.136,1.0986122886681098,0.00495064644493009,4.709530201312334
192.168.42.12,5.35.226.136,1.0986122886681098,0.0050519432937713785,4.709530201312334
192.168.42.12,5.35.226.136,1.0986122886681098,0.006097761037235145,4.709530201312334
192.168.42.12,5.35.226.136,1.0986122886681098,0.0049449526406432085,4.709530201312334
192.168.42.12,5.35.226.136,1.0986122886681098,0.004750869425788174,4.709530201312334
192.168.42.12,5.35.226.136,1.0986122886681098,0.005452048555014419,4.709530201312334
192.168.42.12,5.35.226.136,1.0986122886681098,0.004995009559640808,4.709530201312334
192.168.42.12,5.35.226.136,1.0986122886681098,0.004947325063035936,4.709530201312334
192.168.42.12,5.35.226.136,1.0986122886681098,0.00501873234278935,4.709530201312334
192.168.42.12,5.35.226.136,1.0986122886681098,0.005027035183938611,4.709530201312334
192.168.42.12,5.35.226.136,1.0986122886681098,0.0050415056851697455,4.709530201312334
192.168.42.12,5.35.226.136,1.0986122886681098,0.004890385372117664,4.709530201312334
192.168.42.12,5.35.226.136,1.0986122886681098,0.00490011279894169,4.709530201312334
192.168.42.12,5.35.226.136,1.0986122886681098,0.004930243496181352,4.709530201312334
192.168.42.12,5.35.226.136,1.0986122886681098,0.2710012231492059,4.709530201312334
192.168.42.12,5.35.226.136,1.0986122886681098,0.004851237453838807,4.709530201312334
192.168.42.12,5.35.226.136,1.0986122886681098,0.004686087547890749,4.709530201312334
192.168.42.12,5.35.226.136,1.0986122886681098,0.0049411567531077605,4.709530201312334
192.168.42.12,5.35.226.136,1.0986122886681098,0.37668287530393685,4.709530201312334
192.168.42.12,5.35.226.136,1.0986122886681098,0.18739299123938621,4.709530201312334
192.168.42.12,5.35.226.136,1.0986122886681098,0.004958949851402643,4.709530201312334
192.168.42.12,5.35.226.136,1.0986122886681098,0.005048147812339462,4.709530201312334
192.168.42.12,5.35.226.136,1.0986122886681098,0.004930243496181352,4.709530201312334
192.168.42.12,5.35.226.136,1.0986122886681098,0.004900350052072393,4.709530201312334
192.168.42.12,5.35.226.136,1.0986122886681098,0.004774360718290845,4.709530201312334
192.168.42.12,5.35.226.136,1.0986122886681098,0.004763682926472329,4.709530201312334
192.168.42.12,5.35.226.136,1.0986122886681098,0.004746360932795847,4.709530201312334
192.168.42.12,5.35.226.136,1.0986122886681098,0.005882806887170285,4.709530201312334
192.168.42.12,5.35.226.136,1.0986122886681098,0.0048365269308319955,4.709530201312334
192.168.42.12,5.35.226.136,1.0986122886681098,0.004736157426230218,4.709530201312334
192.168.42.12,5.35.226.136,1.0986122886681098,0.004796190515632891,4.709530201312334
192.168.42.12,5.35.226.136,1.0986122886681098,0.004766055778951854,4.709530201312334
192.168.42.12,5.35.226.136,1.0986122886681098,0.004771038750831886,4.709530201312334
192.168.42.12,5.35.226.136,1.0986122886681098,0.004752055867934111,4.709530201312334
192.168.42.12,5.35.226.136,1.0986122886681098,0.004719546844007573,4.709530201312334
192.168.42.12,5.35.226.136,1.0986122886681098,0.004654762936876969,4.709530201312334
192.168.42.12,5.35.226.136,1.0986122886681098,0.004817545291059765,4.709530201312334
192.168.42.12,5.35.226.136,1.0986122886681098,0.004766530348772109,4.709530201312334
192.168.42.12,5.35.226.136,1.0986122886681098,0.00476202192638655,4.709530201312334
192.168.42.12,5.35.226.136,1.0986122886681098,0.004701986785641284,4.709530201312334
192.168.42.12,5.35.226.136,1.0986122886681098,0.004781241901493715,4.709530201312334
192.168.42.12,5.35.226.136,1.0986122886681098,0.004734496380423913,4.709530201312334
192.168.42.12,5.35.226.136,1.0986122886681098,0.004721682505750077,4.709530201312334
192.168.42.12,5.35.226.136,1.0986122886681098,0.004758462631198179,4.709530201312334
192.168.42.12,5.35.226.136,1.0986122886681098,0.004848153007267411,4.709530201312334
192.168.42.12,5.35.226.136,1.0986122886681098,0.00484720394486988,4.709530201312334
192.168.42.12,5.35.226.136,1.0986122886681098,0.0048120880029404465,4.709530201312334
192.168.42.12,5.35.226.136,1.0986122886681098,0.004921465355270545,4.709530201312334
192.168.42.12,5.35.226.136,1.0986122886681098,0.0050028381402942666,4.709530201312334
192.168.42.12,5.35.226.136,1.0986122886681098,0.004925735811825061,4.709530201312334
192.168.42.12,5.35.226.136,1.0986122886681098,0.004864998714939973,4.709530201312334
192.168.42.12,5.35.226.136,1.0986122886681098,0.00483510332034701,4.709530201312334
192.168.42.12,5.35.226.136,1.0986122886681098,0.004800698783974996,4.709530201312334
192.168.42.12,5.35.226.136,1.0986122886681098,0.004851711983236141,4.709530201312334
192.168.42.12,5.35.226.136,1.0986122886681098,0.005482399741961565,4.709530201312334
192.168.42.12,5.35.226.136,1.0986122886681098,0.0049504092037320644,4.709530201312334
192.168.42.12,5.35.226.136,1.0986122886681098,0.004674222280376288,4.709530201312334
192.168.42.12,5.35.226.136,1.0986122886681098,0.005329211687200088,4.709530201312334
192.168.42.12,5.35.226.136,1.0986122886681098,0.004838187807169669,4.709530201312334
192.168.42.12,5.35.226.136,1.0986122886681098,0.004959424329690041,4.709530201312334
192.168.42.12,5.35.226.136,1.0986122886681098,0.004888487326582602,4.709530201312334
192.168.42.12,5.35.226.136,1.0986122886681098,0.0050194440175890765,4.709530201312334
192.168.42.12,5.35.226.136,1.0986122886681098,0.004960136046699023,4.709530201312334
192.168.42.12,5.35.226.136,1.0986122886681098,0.00502205348752152,4.709530201312334
192.168.42.12,5.35.226.136,1.0986122886681098,0.004814935287414063,4.709530201312334
192.168.42.12,5.35.226.136,1.0986122886681098,0.00504458953541371,4.709530201312334
192.168.42.12,5.35.226.136,1.0986122886681098,0.004970337268164901,4.709530201312334
192.168.42.12,5.35.226.136,1.0986122886681098,0.0049717606861425755,4.709530201312334
192.168.42.12,5.35.226.136,1.0986122886681098,0.0049081793738076146,4.709530201312334
192.168.42.12,5.35.226.136,1.0986122886681098,0.004650254010567412,4.709530201312334
192.168.42.12,5.35.226.136,1.0986122886681098,0.01066555737067644,4.709530201312334
192.168.42.12,5.35.226.136,1.0986122886681098,0.004861439786258171,4.709530201312334
192.168.42.12,5.35.226.136,1.0986122886681098,0.005109822600725534,4.709530201312334
192.168.42.12,5.35.226.136,1.0986122886681098,0.004893469688428539,4.709530201312334
192.168.42.12,5.35.226.136,1.0986122886681098,0.004861914310814224,4.709530201312334
192.168.42.12,5.35.226.136,1.0986122886681098,0.00484008594817782,4.709530201312334
192.168.42.12,5.35.226.136,1.0986122886681098,0.00495112092715729,4.709530201312334
192.168.42.12,5.35.226.136,1.0986122886681098,0.00494827403041708,4.709530201312334
192.168.42.12,5.35.226.136,1.0986122886681098,0.004923600585827402,4.709530201312334
192.168.42.12,5.35.226.136,1.0986122886681098,0.004904620598799654,4.709530201312334
192.168.42.12,5.35.226.136,1.0986122886681098,0.004878285270108911,4.709530201312334
192.168.42.12,5.35.226.136,1.0986122886681098,0.004880895108416381,4.709530201312334
192.168.42.12,5.35.226.136,1.0986122886681098,0.004713377128908385,4.709530201312334
192.168.42.12,5.35.226.136,1.0986122886681098,0.004855270946538606,4.709530201312334
192.168.42.12,5.35.226.136,1.0986122886681098,0.004833205169881096,4.709530201312334
192.168.42.12,5.35.226.136,1.0986122886681098,0.004736869302159735,4.709530201312334
192.168.42.12,5.35.226.136,1.0986122886681098,0.004739242218264813,4.709530201312334
192.168.42.12,5.35.226.136,1.0986122886681098,0.004931666971230326,4.709530201312334
192.168.42.12,5.35.226.136,1.0986122886681098,0.00478337743148065,4.709530201312334
192.168.42.12,5.35.226.136,1.0986122886681098,0.004679680320918389,4.709530201312334
192.168.42.12,5.35.226.136,1.0986122886681098,0.004808766160808144,4.709530201312334
192.168.42.12,5.35.226.136,1.0986122886681098,0.004668052285630256,4.709530201312334
192.168.42.12,5.35.226.136,1.0986122886681098,0.004827036155983712,4.709530201312334
192.168.42.12,5.35.226.136,1.0986122886681098,0.004696054263805731,4.709530201312334
192.168.42.12,5.35.226.136,1.0986122886681098,0.0047446999039379625,4.709530201312334
192.168.42.12,5.35.226.136,1.0986122886681098,0.004716224694453414,4.709530201312334
192.168.42.12,5.35.226.136,1.0986122886681098,0.004644083867935053,4.709530201312334
192.168.42.12,5.35.226.136,1.0986122886681098,0.004711241449428314,4.709530201312334
192.168.42.12,5.35.226.136,1.0986122886681098,0.004956577456588697,4.709530201312334
192.168.42.12,5.35.226.136,1.0986122886681098,0.004810427083253624,4.709530201312334
192.168.42.12,5.35.226.136,1.0986122886681098,0.004654525625472791,4.709530201312334
192.168.42.12,5.35.226.136,1.0986122886681098,0.004720733323316501,4.709530201312334
192.168.42.12,5.35.226.136,1.0986122886681098,0.004680392237053719,4.709530201312334
192.168.42.12,5.35.226.136,1.0986122886681098,0.004634591266468565,4.709530201312334
192.168.42.12,5.35.226.136,1.0986122886681098,0.00480900343561211,4.709530201312334
192.168.42.12,5.35.226.136,1.0986122886681098,0.004801410613960573,4.709530201312334
192.168.42.12,5.35.226.136,1.0986122886681098,0.004785987517493663,4.709530201312334
192.168.42.12,5.35.226.136,1.0986122886681098,0.004837001467209954,4.709530201312334
192.168.42.12,5.35.226.136,1.0986122886681098,0.004986231987239717,4.709530201312334
192.168.42.12,5.35.226.136,1.0986122886681098,0.004803546100877098,4.709530201312334
192.168.42.12,5.35.226.136,1.0986122886681098,0.004793343177787,4.709530201312334
192.168.42.12,5.35.226.136,1.0986122886681098,0.004666628435282622,4.709530201312334
192.168.42.12,5.35.226.136,1.0986122886681098,0.0047314115737493384,4.709530201312334
192.168.42.12,5.35.226.136,1.0986122886681098,0.004841272284478299,4.709530201312334
192.168.42.12,5.35.226.136,1.0986122886681098,0.004822290734781303,4.709530201312334
192.168.42.12,5.35.226.136,1.0986122886681098,0.004735682841995669,4.709530201312334
192.168.42.12,5.35.226.136,1.0986122886681098,0.0048052070319927085,4.709530201312334
192.168.42.12,5.35.226.136,1.0986122886681098,0.004922177099296076,4.709530201312334
192.168.42.12,5.35.226.136,1.0986122886681098,0.004833679707835353,4.709530201312334
192.168.42.12,5.35.226.136,1.0986122886681098,0.004887301046293752,4.709530201312334
192.168.42.12,5.35.226.136,1.0986122886681098,0.004922888842815028,4.709530201312334
192.168.42.12,5.35.226.136,1.0986122886681098,0.004848864803474462,4.709530201312334
192.168.42.12,5.35.226.136,1.0986122886681098,0.004764394782807382,4.709530201312334
192.168.42.12,5.35.226.136,1.0986122886681098,0.005158210925580981,4.709530201312334
192.168.42.12,5.35.226.136,1.0986122886681098,0.005100097213634296,4.709530201312334
192.168.42.12,5.35.226.136,1.0986122886681098,0.0048365269308319955,4.709530201312334
192.168.42.12,5.35.226.136,1.0986122886681098,0.005011615566935497,4.709530201312334
192.168.42.12,5.35.226.136,1.0986122886681098,0.004779343648787873,4.709530201312334
192.168.42.12,5.35.226.136,1.0986122886681098,0.005042454563180802,4.709530201312334
192.168.42.12,5.35.226.136,1.0986122886681098,0.005080408945339019,4.709530201312334
192.168.42.12,5.35.226.136,1.0986122886681098,0.004997381863280493,4.709530201312334
192.168.42.12,5.35.226.136,1.0986122886681098,0.004894655961399677,4.709530201312334
192.168.42.12,5.35.226.136,1.0986122886681098,0.005075190303210711,4.709530201312334
192.168.42.12,5.35.226.136,1.0986122886681098,0.006211736718834174,4.709530201312334
192.168.42.12,5.35.226.136,1.0986122886681098,0.004848864803474462,4.709530201312334
192.168.42.12,5.35.226.136,1.0986122886681098,0.004992874481553292,4.709530201312334
192.168.42.12,5.35.226.136,1.0986122886681098,0.004897740264538753,4.709530201312334
192.168.42.12,5.35.226.136,1.0986122886681098,0.004801647890509832,4.709530201312334
192.168.42.12,5.35.226.136,1.0986122886681098,0.004767242203080209,4.709530201312334
192.168.42.12,5.35.226.136,1.0986122886681098,0.004997619093334931,4.709530201312334
192.168.42.12,5.35.226.136,1.0986122886681098,0.0048716420145910105,4.709530201312334
192.168.42.12,5.35.226.136,1.0986122886681098,0.00505977142872894,4.709530201312334
192.168.42.12,5.35.226.136,1.0986122886681098,0.0049534933349162985,4.709530201312334
192.168.42.12,5.35.226.136,1.0986122886681098,0.004902722580283534,4.709530201312334
192.168.42.12,5.35.226.136,1.0986122886681098,0.0047309369872624765,4.709530201312334
192.168.42.12,5.35.226.136,1.0986122886681098,0.004769377762964097,4.709530201312334
192.168.42.12,5.35.226.136,1.0986122886681098,0.004668526901962278,4.709530201312334
192.168.42.12,5.35.226.136,1.0986122886681098,0.004710054958857414,4.709530201312334
192.168.42.12,5.35.226.136,1.0986122886681098,0.004783851993080643,4.709530201312334
192.168.42.12,5.35.226.136,1.0986122886681098,0.004917669378578786,4.709530201312334
192.168.42.12,5.35.226.136,1.0986122886681098,0.004809477985051145,4.709530201312334
192.168.42.12,5.35.226.136,1.0986122886681098,0.004795715959888251,4.709530201312334
192.168.42.12,5.35.226.136,1.0986122886681098,0.0047876484777731034,4.709530201312334
192.168.42.12,5.35.226.136,1.0986122886681098,0.0046417107260161815,4.709530201312334
192.168.42.12,5.35.226.136,1.0986122886681098,0.004629370297252574,4.709530201312334
192.168.42.12,5.35.226.136,1.0986122886681098,0.004663068800543859,4.709530201312334
192.168.42.12,5.35.226.136,1.0986122886681098,0.004748259248112192,4.709530201312334
192.168.42.12,5.35.226.136,1.0986122886681098,0.00479239406337007,4.709530201312334
192.168.42.12,5.35.226.136,1.0986122886681098,0.004814698014017572,4.709530201312334
192.168.42.12,5.35.226.136,1.0986122886681098,0.004801173337355014,4.709530201312334
192.168.42.12,5.35.226.136,1.0986122886681098,0.004659271842856201,4.709530201312334
192.168.42.12,5.35.226.136,1.0986122886681098,0.005902479364131309,4.709530201312334
192.168.42.12,5.35.226.136,1.0986122886681098,0.004728326757558702,4.709530201312334
192.168.42.12,5.35.226.136,1.0986122886681098,0.0047297505200599305,4.709530201312334
192.168.42.12,5.35.226.136,1.0986122886681098,0.0050099549786151495,4.709530201312334
192.168.42.12,5.35.226.136,1.0986122886681098,0.004825612531987485,4.709530201312334
192.168.42.12,5.35.226.136,1.0986122886681098,0.005033914628667815,4.709530201312334
192.168.42.12,5.35.226.136,1.0986122886681098,0.004762971069630537,4.709530201312334
192.168.42.12,5.35.226.136,1.0986122886681098,0.004853135570077074,4.709530201312334
192.168.42.12,5.35.226.136,1.0986122886681098,0.004809952534264983,4.709530201312334
192.168.42.12,5.35.226.136,1.0986122886681098,0.004779343648787873,4.709530201312334
192.168.42.12,5.35.226.136,1.0986122886681098,0.004816121653552042,4.709530201312334
192.168.42.12,5.35.226.136,1.0986122886681098,0.004931666971230326,4.709530201312334
192.168.42.12,5.35.226.136,1.0986122886681098,0.004838662342759483,4.709530201312334
192.168.42.12,5.35.226.136,1.0986122886681098,0.0048168334725592465,4.709530201312334
192.168.42.12,5.35.226.136,1.0986122886681098,0.005024662950644647,4.709530201312334
192.168.42.12,5.35.226.136,1.0986122886681098,0.004861439786258171,4.709530201312334
192.168.42.12,5.35.226.136,1.0986122886681098,0.004877098977717494,4.709530201312334
192.168.42.12,5.35.226.136,1.0986122886681098,0.005243596375714981,4.709530201312334
192.168.42.12,5.35.226.136,1.0986122886681098,0.004907704871204967,4.709530201312334
192.168.42.12,5.35.226.136,1.0986122886681098,0.004923363338212898,4.709530201312334
192.168.42.12,5.35.226.136,1.0986122886681098,0.0049449526406432085,4.709530201312334
192.168.42.12,5.35.226.136,1.0986122886681098,0.004895604978763374,4.709530201312334
192.168.42.12,5.35.226.136,1.0986122886681098,0.004860253473882904,4.709530201312334
192.168.42.12,5.35.226.136,1.0986122886681098,0.004830595207107468,4.709530201312334
192.168.42.12,5.35.226.136,1.0986122886681098,0.005018020667483143,4.709530201312334
192.168.42.12,5.35.226.136,1.0986122886681098,0.004710054958857414,4.709530201312334
192.168.42.12,5.35.226.136,1.0986122886681098,0.0047964277934207595,4.709530201312334
192.168.42.12,5.35.226.136,1.0986122886681098,0.0048445940186323255,4.709530201312334
192.168.42.12,5.35.226.136,1.0986122886681098,0.004901773569674544,4.709530201312334
192.168.42.12,5.35.226.136,1.0986122886681098,0.004848864803474462,4.709530201312334
192.168.42.12,5.35.226.136,1.0986122886681098,0.0048816068813181185,4.709530201312334
192.168.42.12,5.35.226.136,1.0986122886681098,0.005028932966521997,4.709530201312334
192.168.42.12,5.35.226.136,1.0986122886681098,0.0049055696067067875,4.709530201312334
192.168.42.12,5.35.226.136,1.0986122886681098,0.0049328531988899514,4.709530201312334
192.168.42.12,5.35.226.136,1.0986122886681098,0.005121682700881847,4.709530201312334
192.168.42.12,5.35.226.136,1.0986122886681098,0.005170307640955259,4.709530201312334
192.168.42.12,5.35.226.136,1.0986122886681098,0.004866185021685918,4.709530201312334
192.168.42.12,5.35.226.136,1.0986122886681098,0.004839374145721983,4.709530201312334
192.168.42.12,5.35.226.136,1.0986122886681098,0.004900587305146807,4.709530201312334
192.168.42.12,5.35.226.136,1.0986122886681098,0.004726665698745236,4.709530201312334
192.168.42.12,5.35.226.136,1.0986122886681098,0.0047850383960953416,4.709530201312334
192.168.42.12,5.35.226.136,1.0986122886681098,0.004931904216874822,4.709530201312334
192.168.42.12,5.35.226.136,1.0986122886681098,0.007076438640632439,4.709530201312334
192.168.42.12,5.35.226.136,1.0986122886681098,0.005222962226648176,4.709530201312334
192.168.42.12,5.35.226.136,1.0986122886681098,0.0049179066275441725,4.709530201312334
192.168.42.12,5.35.226.136,1.0986122886681098,0.004821341647838533,4.709530201312334
192.168.42.12,5.35.226.136,1.0986122886681098,0.00768987374011953,4.709530201312334
192.168.42.12,5.35.226.136,1.0986122886681098,0.004886826533784179,4.709530201312334
192.168.42.12,5.35.226.136,1.0986122886681098,0.004871404754649137,4.709530201312334
192.168.42.12,5.35.226.136,1.0986122886681098,0.004781953745329414,4.709530201312334
192.168.42.12,5.35.226.136,1.0986122886681098,0.004925973058876703,4.709530201312334
192.168.42.12,5.35.226.136,1.0986122886681098,0.004911263635236733,4.709530201312334
192.168.42.12,5.35.226.136,1.0986122886681098,0.004751106714329973,4.709530201312334
192.168.42.12,5.35.226.136,1.0986122886681098,0.0047297505200599305,4.709530201312334
192.168.42.12,5.35.226.136,1.0986122886681098,0.004872828313455996,4.709530201312334
192.168.42.12,5.35.226.136,1.0986122886681098,0.00587332603718357,4.709530201312334
192.168.42.12,5.35.226.136,1.0986122886681098,0.004824426177109117,4.709530201312334
192.168.42.12,5.35.226.136,1.0986122886681098,0.004788360317048337,4.709530201312334
192.168.42.12,5.35.226.136,1.0986122886681098,0.004995721251323635,4.709530201312334
192.168.42.12,5.35.226.136,1.0986122886681098,0.004874963647866566,4.709530201312334
192.168.42.12,5.35.226.136,1.0986122886681098,0.005344152112255459,4.709530201312334
192.168.42.12,5.35.226.136,1.0986122886681098,0.004725479226474932,4.709530201312334
192.168.42.12,5.35.226.136,1.0986122886681098,0.0048716420145910105,4.709530201312334
192.168.42.12,5.35.226.136,1.0986122886681098,0.004956102976950516,4.709530201312334
192.168.42.12,5.35.226.136,1.0986122886681098,0.005058110920373795,4.709530201312334
192.168.42.12,5.35.226.136,1.0986122886681098,0.004915296885829122,4.709530201312334
192.168.42.12,5.35.226.136,1.0986122886681098,0.004933090444253021,4.709530201312334
192.168.42.12,5.35.226.136,1.0986122886681098,0.0049826734899931,4.709530201312334
192.168.42.12,5.35.226.136,1.0986122886681098,0.005002600911477939,4.709530201312334
192.168.42.12,5.35.226.136,1.0986122886681098,0.004971286213708475,4.709530201312334
192.168.42.12,5.35.226.136,1.0986122886681098,0.0049368863624073365,4.709530201312334
192.168.42.12,5.35.226.136,1.0986122886681098,0.004872828313455996,4.709530201312334
192.168.42.12,5.35.226.136,1.0986122886681098,0.0049205163624484885,4.709530201312334
192.168.42.12,5.35.226.136,1.0986122886681098,0.004942817455677473,4.709530201312334
192.168.42.12,5.35.226.136,1.0986122886681098,0.00495112092715729,4.709530201312334
192.168.42.12,5.35.226.136,1.0986122886681098,0.004908891127289423,4.709530201312334
192.168.42.12,5.35.226.136,1.0986122886681098,0.0054458833576012215,4.709530201312334
192.168.42.12,5.35.226.136,1.0986122886681098,0.004991213862111399,4.709530201312334
192.168.42.12,5.35.226.136,1.0986122886681098,0.004996432942499958,4.709530201312334
192.168.42.12,5.35.226.136,1.0986122886681098,0.005024425727005739,4.709530201312334
192.168.42.12,5.35.226.136,1.0986122886681098,0.004962508433070613,4.709530201312334
192.168.42.12,5.35.226.136,1.0986122886681098,0.004967253188929209,4.709530201312334
192.168.42.12,5.35.226.136,1.0986122886681098,0.0051046041120947116,4.709530201312334
192.168.42.12,5.35.226.136,1.0986122886681098,0.005120733898045685,4.709530201312334
192.168.42.12,5.35.226.136,1.0986122886681098,0.004986231987239717,4.709530201312334
192.168.42.12,5.35.226.136,1.0986122886681098,0.005083018256190373,4.709530201312334
192.168.42.12,5.35.226.136,1.0986122886681098,0.005097487947346928,4.709530201312334
192.168.42.12,5.35.226.136,1.0986122886681098,0.005094404260229681,4.709530201312334
192.168.42.12,5.35.226.136,1.0986122886681098,0.005068785568831036,4.709530201312334
192.168.42.12,5.35.226.136,1.0986122886681098,0.005118836289672677,4.709530201312334
192.168.42.12,5.35.226.136,1.0986122886681098,0.005018969567778868,4.709530201312334
192.168.42.12,5.35.226.136,1.0986122886681098,0.004935937384219599,4.709530201312334
192.168.42.12,5.35.226.136,1.0986122886681098,0.00515465304026941,4.709530201312334
192.168.42.12,5.35.226.136,1.0986122886681098,0.0051292730911631475,4.709530201312334
192.168.42.12,5.35.226.136,1.0986122886681098,0.004959187090574483,4.709530201312334
192.168.42.12,5.35.226.136,1.0986122886681098,0.005106976155757395,4.709530201312334
192.168.42.12,5.35.226.136,1.0986122886681098,0.005070208846682627,4.709530201312334
192.168.42.12,5.35.226.136,1.0986122886681098,0.00504198012428782,4.709530201312334
192.168.42.12,5.35.226.136,1.0986122886681098,0.0050507572073713895,4.709530201312334
192.168.42.12,5.35.226.136,1.0986122886681098,0.004834866051735808,4.709530201312334
192.168.42.12,5.35.226.136,1.0986122886681098,0.004737818469277454,4.709530201312334
192.168.42.12,5.35.226.136,1.0986122886681098,0.004834866051735808,4.709530201312334
192.168.42.12,5.35.226.136,1.0986122886681098,0.0049271592932906205,4.709530201312334
192.168.42.12,5.35.226.136,1.0986122886681098,0.004928582772729884,4.709530201312334
192.168.42.12,5.35.226.136,1.0986122886681098,0.004833916976728038,4.709530201312334
192.168.42.12,5.35.226.136,1.0986122886681098,0.004800224230369777,4.709530201312334
192.168.42.12,5.35.226.136,1.0986122886681098,0.004906044110322624,4.709530201312334
192.168.42.12,5.35.226.136,1.0986122886681098,0.004800698783974996,4.709530201312334
192.168.42.12,5.35.226.136,1.0986122886681098,0.005009243297062279,4.709530201312334
192.168.42.12,5.35.226.136,1.0986122886681098,0.004857880844910351,4.709530201312334
192.168.42.12,5.35.226.136,1.0986122886681098,0.005026797960862452,4.709530201312334
192.168.42.12,5.35.226.136,1.0986122886681098,0.00482086710402936,4.709530201312334
192.168.42.12,5.35.226.136,1.0986122886681098,0.004906993116878836,4.709530201312334
192.168.42.12,5.35.226.136,1.0986122886681098,0.004816358926610742,4.709530201312334
192.168.42.12,5.35.226.136,1.0986122886681098,0.004872828313455996,4.709530201312334
192.168.42.12,5.35.226.136,1.0986122886681098,0.004858829897174897,4.709530201312334
192.168.42.12,5.35.226.136,1.0986122886681098,0.004736869302159735,4.709530201312334
192.168.42.12,5.35.226.136,1.0986122886681098,0.0048896736054641924,4.709530201312334
192.168.42.12,5.35.226.136,1.0986122886681098,0.004873302832607945,4.709530201312334
192.168.42.12,5.35.226.136,1.0986122886681098,0.005020867365669086,4.709530201312334
192.168.42.12,5.35.226.136,1.0986122886681098,0.006243486466378961,4.709530201312334
192.168.42.12,5.35.226.136,1.0986122886681098,0.005235295332451675,4.709530201312334
192.168.42.12,5.35.226.136,1.0986122886681098,0.005083255465930157,4.709530201312334
192.168.42.12,5.35.226.136,1.0986122886681098,0.004787173917974772,4.709530201312334
192.168.42.12,5.35.226.136,1.0986122886681098,0.004933327689559805,4.709530201312334
192.168.42.12,5.35.226.136,1.0986122886681098,0.004874726388712782,4.709530201312334
192.168.42.12,5.35.226.136,1.0986122886681098,0.004932615953470597,4.709530201312334
192.168.42.12,5.35.226.136,1.0986122886681098,0.004960373285589451,4.709530201312334
192.168.42.12,5.35.226.136,1.0986122886681098,0.004870218454095384,4.709530201312334
192.168.42.12,5.35.226.136,1.0986122886681098,0.005036286840014767,4.709530201312334
192.168.42.12,5.35.226.136,1.0986122886681098,0.004971997922275204,4.709530201312334
192.168.42.12,5.35.226.136,1.0986122886681098,0.004922888842815028,4.709530201312334
192.168.42.12,5.35.226.136,1.0986122886681098,0.004976979868059545,4.709530201312334
192.168.42.12,5.35.226.136,1.0986122886681098,0.00512951028993109,4.709530201312334
192.168.42.12,5.35.226.136,1.0986122886681098,0.0050839670948119,4.709530201312334
192.168.42.12,5.35.226.136,1.0986122886681098,0.004887775558578163,4.709530201312334
192.168.42.12,5.35.226.136,1.0986122886681098,0.004947562304965647,4.709530201312334
192.168.42.12,5.35.226.136,1.0986122886681098,0.006218608018328438,4.709530201312334
192.168.42.12,5.35.226.136,1.0986122886681098,0.005056450409261358,4.709530201312334
192.168.42.12,5.35.226.136,1.0986122886681098,0.00502774685282944,4.709530201312334
192.168.42.12,5.35.226.136,1.0986122886681098,0.004947325063035936,4.709530201312334
192.168.42.12,5.35.226.136,1.0986122886681098,0.004888012814635933,4.709530201312334
192.168.42.12,5.35.226.136,1.0986122886681098,0.0049864692199392555,4.709530201312334
192.168.42.12,5.35.226.136,1.0986122886681098,0.004915771384829353,4.709530201312334
192.168.42.12,5.35.226.136,1.0986122886681098,0.004942342969510405,4.709530201312334
192.168.42.12,5.35.226.136,1.0986122886681098,0.004999516931744429,4.709530201312334
192.168.42.12,5.35.226.136,1.0986122886681098,0.005136626226807067,4.709530201312334
192.168.42.12,5.35.226.136,1.0986122886681098,0.005086813605274725,4.709530201312334
192.168.42.12,5.35.226.136,1.0986122886681098,0.005253083197926075,4.709530201312334
192.168.42.12,5.35.226.136,1.0986122886681098,0.00483723873531449,4.709530201312334
192.168.42.12,5.35.226.136,1.0986122886681098,0.004958475372890113,4.709530201312334
192.168.42.12,5.35.226.136,1.0986122886681098,0.004971286213708475,4.709530201312334
192.168.42.12,5.35.226.136,1.0986122886681098,0.005053603812367942,4.709530201312334
192.168.42.12,5.35.226.136,1.0986122886681098,0.004953730575382642,4.709530201312334
192.168.42.12,5.35.226.136,1.0986122886681098,0.004879234303008797,4.709530201312334
192.168.42.12,5.35.226.136,1.0986122886681098,0.005222013519901495,4.709530201312334
192.168.42.12,5.35.226.136,1.0986122886681098,0.004955865737047001,4.709530201312334
192.168.42.12,5.35.226.136,1.0986122886681098,0.004974133044936223,4.709530201312334
192.168.42.12,5.35.226.136,1.0986122886681098,0.005044826754269336,4.709530201312334
192.168.42.12,5.35.226.136,1.0986122886681098,0.004985757521671802,4.709530201312334
85.215.94.29,194.247.5.23,1.0986122886681098,0.022928015177225026,4.61512051684126
85.215.94.29,194.247.5.23,1.0986122886681098,0.02129768389811141,4.61512051684126
85.215.94.29,194.247.5.23,1.0986122886681098,0.02130841998775693,4.61512051684126
85.215.94.29,194.247.5.23,1.0986122886681098,0.021437710797507538,4.61512051684126
192.168.110.35,85.215.94.29,1.0986122886681098,0.01743314858475989,4.31748811353631
192.168.110.35,85.215.94.29,1.0986122886681098,0.01395527688236555,4.31748811353631
192.168.110.35,85.215.94.29,1.0986122886681098,0.014427510373341498,4.31748811353631
192.168.110.35,85.215.94.29,1.0986122886681098,0.01614297360387383,4.31748811353631
100.84.11.114,1.1.1.1,1.0986122886681098,0.0024232091167975477,4.174387269895637
100.84.11.114,1.1.1.1,1.0986122886681098,0.0032082536552543433,4.174387269895637
100.84.11.114,1.1.1.1,1.0986122886681098,0.004457775093949863,4.174387269895637
100.84.11.114,1.1.1.1,1.0986122886681098,0.006104870087458956,4.3694478524670215
100.84.11.114,1.1.1.1,1.0986122886681098,0.005325417257991327,4.3694478524670215
100.84.11.114,1.1.1.1,1.0986122886681098,0.004082441464600644,4.3694478524670215
100.84.11.114,1.1.1.1,1.0986122886681098,0.005675155698699646,4.174387269895637
100.84.11.114,1.1.1.1,1.0986122886681098,0.0037677743779979808,4.3694478524670215
